# live reasoning — Circle packing n=26 (maximise sum of radii in the unit square)
# dropstone-heavy  started 2026-08-22T20:34:24.392Z
# tail -f this file to watch the model think


========================================================================
EVAL 1  round 1/15  proposing  2026-08-22T20:34:24.441Z
========================================================================


========================================================================
job 24d56c6a  dropstone-heavy  2026-08-22T20:34:26.433Z
========================================================================
Let me think carefully about this problem.

We need to pack 26 circles in the unit square maximizing sum of radii. Best known ~2.63598. Our best so far: 2.635907462. The gap is about 7.6e-5.

Key insights from the log:
- The incumbent solution (which presumably is provided as `params` or a starting packing) is an exact local optimum of its basin — all 26 circles touching something. Local polish gives +3e-7 max in 500s.
- The remaining value lives in a different contact graph — structural changes (role swaps where small circles become large).
- Physical relaxation + perturbation + multi-start works (best 2.635907462).
- Failures: syntax errors (7/18!), time limit overruns, lattice-init always invalid, "assignment to constant variable" errors.

So the main thing: write a robust, well-tested program. The biggest failure mode is programs being cut off / not parsing. I should write clean, careful code.

Time budget: 540s of optimization, guard at 540s, killed at 600s.

Since this is the FIRST attempt and I should establish a solid baseline, let me write a strong, working program:

Strategy:
1. Start from the given starting packing if provided (params). Hard-code it? "If you are given a starting packing, HARD-CODE IT as the initial configuration and refine it". The signature is `solve(params)` — params may contain a starting packing. I'll check params.solution or similar, but also since I can't hard-code a packing I don't know... Actually I don't have the starting packing values. The best-so-far attempts presumably received the incumbent as params. Let me handle: if params has a packing (params.solution, or params is an array), use it; else generate.

Actually, I can't see the params format. Safer: check `params` for common shapes: if params is an array of [x,y,r] entries, use it; if params.solution exists, use it; if params.packing exists, use it. Otherwise start from a known good construction... I don't know one offhand for n=26 with sum 2.6359. But presumably the harness passes the incumbent. The log says "If you are given a starting packing, HARD-CODE IT as the initial configuration" — the attempts that scored 2.635907 got there by refining the given packing? Actually 2.635907 is the best so far, and target is 2.635983. Hmm, the incumbent given to us probably scores ~2.6359 or so. Let me just robustly extract params.

Core optimizer design (pure JS, no scipy):

Approach: physical relaxation with exact constraint projection, plus a local "grow all radii" sweep, plus LP-like refinement via iterated projection (which approximates the LP), plus basin hopping (perturbations), multi-start.

Let me think about what actually moves the number. The objective: maximize sum r_i subject to:
- r_i <= x_i <= 1 - r_i
- r_i <= y_i <= 1 - r_i
- (x_i - x_j)^2 + (y_i - y_j)^2 >= (r_i + r_j)^2

A well-known effective method: alternating projection / force-directed relaxation:
- Treat overlaps as repulsive forces; treat boundary violations by pushing centers inward; simultaneously scale all radii by the maximum feasible factor.

A cleaner reformulation: for fixed centers x, the max radii problem is an LP (with pairwise constraints sqrt being nonlinear, but we can linearize: r_i + r_j <= d_ij). Actually given centers, max sum r_i subject to r_i + r_j <= d_ij, r_i <= min distance to boundary. That's an LP. We can solve it approximately by projected gradient on radii (gradient all ones, project onto constraints) or by a simple iterative proportional scheme.

The full problem can be attacked by a gradient-based method on unconstrained parametrization with penalties. E.g., minimize E = -sum r_i + penalty terms for overlaps and boundary violations, using gradient descent or Adam. The log mentions: "Adam leaves ~1e-4 of radius value on the table because the nonsmooth exact-penalty kink forces it to oscillate". So Adam with exact penalty got close (2.63586) but left 1.1e-4. Alternatives: use smooth penalties (squared hinge) with increasing penalty weight, finishing with an exact repair pass; or use a different local optimizer for final polish: the "grow each radius to max feasible, cycling" sweep combined with center moves that increase the minimal slack.

A robust approach used by many packing solvers: 
1. Relaxation step (overlap removal): while any overlap or boundary violation exists, apply pairwise separation moves (move both centers apart along the line joining them, weighted by radii), and clamp centers into [r_i, 1-r_i].
2. Growth step: multiply all radii by a common factor; or set each r_i = max feasible given others (serially, Gauss-Seidel style).

Actually the classic algorithm for "maximize sum of radii" or "maximize minimum distance ratio": consider the "contact" structure and solve via constrained optimization.

Given the 7.6e-5 gap and that the incumbent basin is exhausted, we need global structural moves. The winning techniques: multi-start + physical relaxation + perturbation + repair pass. Attempts improved via rare +1e-6 jumps at t=124s, 378s. So basically basin hopping with structural perturbations occasionally finds slightly better basins.

For a first attempt with 14 revisions, I should write a solid, correct program that:
- Parses params for incumbent.
- Runs physical relaxation with adaptive common-scale growth: maintain configuration (x,y,r), and at each iteration: (a) compute max scaling α such that replacing r by α r is feasible? That's complex. Simpler: use the relaxation objective.

Let me design the local optimizer concretely: "Frank-Wolfe"-ish? No. Let me use the well-known approach for circle packing: work with variables (x_i, y_i, r_i), objective sum r_i; constraints: r_i + r_j <= d_ij. Define slack violations:

For each pair constraint, violation v_ij = (r_i + r_j) - d_ij (want <= 0).
For boundary: v_i^L = r_i - x_i, etc.

Force-directed move: for each violated pair, push centers apart and shrink radii... but we want to grow radii. The standard approach: increase radii until jams, then jiggle positions to reduce max violation, then grow radii again. Implementation:

State: positions x,y fixed during a "radii solve": r_i* = argmax sum r_i s.t. r_i + r_j <= d_ij and r_i <= b_i (boundary distances). Solve this LP approximately by projected subgradient / Dykstra-like alternating projections, or by a simple water-filling: All constraints are of form r_i + r_j <= c and r_i <= c_i. This is a packing LP. Since objective and constraints are all "nice", we can use the multiplicative updates or the following iterative scheme: r_i = min over constraints of residual... Gauss-Seidel: r_i = min(b_i, min_j (d_ij - r_j)). Iterate to convergence. But the LP optimum typically has many tight constraints; Gauss-Seidel can get stuck at suboptimal? For maximizing sum, Gauss-Seidel where each r_i is set to its max given others converges to a local max of the LP (a "maximal" point), which for LPs with these constraints... may not be global but often fine.

Better: solve LP via projected gradient ascent with projection onto the constraint polytope done via Dykstra. Each constraint half-space projection is trivial: for r_i + r_j <= c: if violated, subtract v/2 from both. For r_i <= c_i: clamp. Dykstra's algorithm with cyclic projections converges to the projection. Combined with objective: maximize sum r <=> project gradient step: r <- r + lr*1, then project. Since we want the point in polytope maximizing sum, we can just do many iterations of: r += step; project. If projection is exact and step large, we get the projection onto polytope's "maximal sum" corner... Actually with a large step, after one step r is huge, projecting onto polytope gives the point of polytope closest to a huge all-positive direction = the max-sum vertex! Because projection of (M,...,M) onto polytope for large M gives the vertex maximizing sum (approximately the lex-max point)... Yes: for M large, the closest point in polytope to M*1 is the point maximizing sum r_i (the max-sum face). So: LP solved by projecting the point (M,...,M) onto the polytope via Dykstra. Dykstra with many half-spaces (25*26/2=325 pairs + 52 boundary... pairs: 325, plus 4*26=104 boundary) converges but may be slow; but 26 circles is small — we can do thousands of sweeps quickly.

Actually simpler and standard: the sequential "grow each radius to max" (Gauss-Seidel) already yields a point where each radius is at max given others — that's a vertex-like maximal point of the LP but not necessarily max sum. Hmm, for the LP max sum r_i s.t. r_i + r_j <= d_ij: the max-sum point need not have each coordinate individually maximal. E.g., two circles: r1 + r2 <= d, max sum = d, and both (d,0) and (d/2,d/2) optimal. Gauss-Seidel from small r: r1 -> d - r2, then r2 -> d - r1 = r2... stays balanced-ish. Fine.

For boundary-included problem it's a genuine LP; Dykstra projection of large-M point: each pair constraint projection moves both down equally; boundary clamps. This converges to max-sum point. Let me just implement Dykstra: standard cyclic projections with corrections. Complexity per sweep: ~429 constraints, trivial. Do 100-500 sweeps per evaluation. 26 circles -> trivial.

But wait — does exact LP solve matter? The relaxation of positions matters too. The algorithm then:

Outer loop (positions): we have positions; compute optimal radii by LP; then compute "forces" to adjust positions to allow larger radii. The gradient of the LP value w.r.t. positions: at the LP optimum, active constraints r_i + r_j = d_ij; moving centers apart along active edges increases d_ij and allows total radii increase. The subgradient of LP value w.r.t. d_ij equals the dual variable λ_ij of constraint r_i+r_j<=d_ij. So ascent on positions: move i,j apart by λ_ij * unit vector. So we need LP duals! Solving the LP via Dykstra doesn't directly give duals... but we can estimate: active constraints with positive "shadow price". Alternatively, run a primal-dual solver: projected gradient ascent on primal, and dual via KKT.

Simpler heuristic that works well in practice (used in many packing codes): force-directed where the "force" between overlapping-or-tight pairs is proportional to current violation when radii are at LP-optimal. I.e., treat each active pair constraint as a compressed spring with rest length r_i + r_j: if d_ij < r_i + r_j, push apart; that just resolves overlaps but at LP optimum d_ij = r_i+r_j exactly so no force. Need forces equal to dual values on tight contacts — moves that reduce tangency pressure.

Alternative approach that's simpler and proven: direct penalty descent on all variables with smooth penalty, annealing the penalty weight up. Energy: E = -Σ r_i + Σ_pairs φ(d_ij - r_i - r_j) + Σ_boundary φ(...), where φ(s) = (min(0,s))^2 * K /2 or φ(s) = K * max(0, -s)^p. With K increasing from small to huge, gradient descent (L-BFGS-like or just momentum descent) converges to near-feasible near-optimal. Then final exact repair: LP radii solve + center clamp to make feasible to 1e-12.

Actually here's another thought: the best-scoring attempts already used "multi-start + physical-relaxation + perturbation + repair-pass" and reached 2.635907462. To beat it, we need better basin-hopping: targeted structural perturbations plus strong local optimizer. The hint from log: "role-swaps where small circles become large and vice versa" — perturbation should swap radii classes: pick a region, grow small circles and shrink large ones.

Since this is attempt 1 with revisions available, I'll write a comprehensive, robust program; correctness first (avoid the syntax errors that killed many attempts), then use remaining revisions to tune.

Let me design the program:

```
export default function solve(params) {
  const t0 = Date.now();
  const TL = 540000;
  // incumbent extraction
  function extract(params) { ... try multiple shapes ... }
  let incumbent = extract(params);
  ...
  // core helpers
  function feasibleScore(circles, eps) {...}: exact feasibility check with margin; score = sum r.
  function repair(circles): enforce feasibility exactly: clamp r into [eps, min(...)]; iterative shrink until no overlaps beyond -margin.
  function lpRadii(pos): returns radii maximizing sum given positions (Dykstra projection of big point).
  function localOpt(circles, timeSlice): physical relaxation: iterate { solve LP radii; compute position gradient = sum of dual-ish forces; move positions; } 
```

Hmm, position moves without duals: alternative — finite-difference-free approach used by packomania-style algorithms? Packomania uses "simulated annealing on positions with adaptive radii computed by expansion".

Simplest robust local optimizer that provably improves: "overlap-minimization with growing radii" (the common "packing via energy minimization"): define for a trial common scale? Hmm, but radii are heterogeneous.

Let me think again concretely about a gradient method on a smooth objective containing everything. Let s_ij = d_ij - r_i - r_j (want >= 0), boundary slacks b_i = x_i - r_i etc.

Objective: F = Σ r_i - (K/2) Σ [min(0, s_ij)]^2 - (K/2) Σ boundary penalty.

Gradients: 
∂F/∂r_i = 1 + K Σ_{active j} s_ij * (∂s/∂r_i = -1 gives...) Let me just compute: penalty term P = (K/2) Σ_{s<0} s^2. ∂P/∂s = K s (negative when violated). dE/dvar where E = -Σr + P... I'll directly implement via computing gradient numerically? No — analytic is easy but error-prone; numeric gradient with 78 variables via central differences: each eval costs ~430 ops... gradient = 156 evals ~ 70k ops per gradient; thousands of iterations = fine (10^8 ops over 500s is OK in JS ~ maybe 1e8-1e9 simple ops feasible). But analytic is 100x faster and I can verify carefully. Let me do analytic and test by tracing.

E = -Σ r_i + (K/2) Σ_{pairs, s_ij<0} s_ij^2 + (K/2) Σ_{bounds, slack<0} slack^2.

∂E/∂r_i = -1 + K [ Σ_{j: s_ij<0} s_ij·(-1) + Σ_{boundaries b: slack<0} slack·(-1) ].

∂E/∂x_i = K [ Σ_{j: s_ij<0} s_ij·( (x_i - x_j)/d_ij ) + boundary terms: for left bound slack = x_i - r_i: ∂slack/∂x_i = +1 → K·slack (if slack<0); right bound slack = (1 - x_i) - r_i: ∂slack/∂x_i = -1 → -K·slack; similarly y.]

Gradient descent with line search or Adam. The log says Adam struggled with the exact-penalty kink; but squared-hinge penalty is C1-smooth (derivative continuous at kink), so it behaves much better than exact (absolute-value) penalty. With squared hinge, at optimum there's residual violation ~ 1/K. Use increasing K schedule: K = 1e2 → 1e4 → 1e6 → 1e8. Then repair pass makes it exactly feasible with tiny loss.

This is a standard, strong approach. Let me also implement the LP-radii solve + repair for the final answer:

Repair: given circles possibly slightly violating: 
1. For each i: r_i = min(r_i, x_i, 1-x_i, y_i, 1-y_i) minus tiny eps.
2. Repeat: for each pair with d_ij < r_i + r_j - δ: shrink both proportionally: set r_i' , r_j' such that r_i' + r_j' = d_ij - δ, keeping ratio? Common approach: r_i -= * over-shrinks. Alternatively LP radii solve given positions with margin δ: positions unchanged, radii from LP with d_ij - δ constraints; this loses almost nothing and guarantees feasibility. Even better: after LP radii solve, do Gauss-Seidel exact clamp: iterate r_i = min(x_i - ε, 1 - x_i - ε, y_i - ε, 1-y_i - ε, min_j (d_ij - r_j - ε)) until stable. This guarantees feasibility if converged; and since we shrink only, it terminates quickly. Use ε = 1e-9 margin... but constraint check tolerance is 1e-9, so leave margin like 2e-9 or more (say 5e-9... hmm, they say leave ~1e-9; tolerance 1e-9 exact. Float rounding: d_ij computed in double, sums fine. Use margin 3e-9? If d_ij >= r_i + r_j must hold with tolerance 1e-9 meaning violations up to -1e-9 accepted? "checked exactly (tolerance 1e-9)". Leave margin 4e-12×26? No—just set ε = 2e-9, each constraint satisfies d_ij - (r_i+r_j) >= 2e-9 > 0. Safe.)

Wait, but if we shrink each radius to satisfy all constraints simultaneously with Gauss-Seidel, one pass may violate previously updated pairs — but since we only shrink, previously-satisfied constraints become looser? If I shrink r_i, constraints involving r_i become looser, but the pass ordering means when I later shrink r_j, the constraint (i,j) is checked against already-shrunk r_i — fine. Iterating to a fixed point: convergence guaranteed? Each update sets r_i = min(current, bounds_i, min_j (d_ij - r_j - ε)). Since r_j only decreases over iterations (if I always take min with current), the sequence is monotone decreasing, bounded below → converges, and limit satisfies all constraints. Yes: enforce monotone decrease: r_i <- min(r_i, computed). Then after convergence (no change > 1e-15), all constraints hold. This loses slightly more than LP but is simple and exact. However, LP radii solve recovers more sum. I can do hybrid: LP solve via Dykstra (gives near-optimal radii), then a final monotone Gauss-Seidel clamp pass with ε to guarantee exact feasibility. 

Even simpler Dykstra alternative for LP max sum radii: projected gradient: r <- project(r + α·1). But projection onto intersection of half-spaces — Dykstra. Complexity fine. Honestly, Gauss-Seidel (grow each to max given others, cyclically, with monotone... ) for max-sum is a descent... Gauss-Seidel on max-sum LP: each step maximizes r_i given others — objective non-decreasing, converges to a coordinate-wise max, which for this LP class is... may be suboptimal globally (LP has unique face of optima; coordinate-wise max might stop at a suboptimal vertex? If all coordinates are at their coordinate-max and objective not maximal... possible in general LPs, but with constraints r_i + r_j <= c, the coordinate-max property often implies optimality? Counter-example possible? For "fractional packing with pairwise capacity" — if every r_i is at its max given others, then for each i, some constraint is tight: either a boundary or a pair. It doesn't directly imply optimality. Practically it's very close, especially since positions get optimized to make things tight.)

Let me not overthink: implement LP solve via Dykstra projection of point (B,...,B) with B = 1 (since all r_i <= 0.5 anyway; objective push direction all-ones: projecting (large M)*ones onto polytope picks max-sum point for M→∞; in practice M=4 works since polytope is bounded within [0,0.5]^26). Dykstra: maintain corrections p_c for each constraint; standard algorithm. Or simpler: many rounds of cyclic projections (von Neumann) converge to a feasible point but not the projection — actually cyclic projections converge to some point in intersection? For half-spaces, von Neumann alternating projections converge to a point in the intersection (not necessarily the nearest). Starting from point outside... converges to *a* feasible point, which might not be max-sum. Dykstra's corrections fix that and give nearest point. Let me implement Dykstra: 

constraints:
- pair (i,j): halfspace r_i + r_j <= d_ij.
- boundary: r_i <= c_i where c_i = min(x_i, 1-x_i, y_i, 1-y_i).

Dykstra:
r = M·ones (M=4? but then it's infeasible initially). corrections c_k = 0 for each constraint k.
Iterate sweeps: for each constraint k: r' = project(r + c_k) onto halfspace k; c_k = (r + c_k) - r'; r = r'.
Converges to nearest feasible point to M·ones. Since polytope is nonempty and bounded, fine. Number of sweeps for 1e-14 accuracy: few hundred. 429 constraints × 300 sweeps ≈ 1.3e5 projections per LP solve — cheap.

Hmm wait, is the nearest point to M·ones really the max-sum point? For M large enough that M·ones - x* is normal to... The nearest point x* in polytope P to point q=M·1 solves min ||x - q||^2. As M→∞, x*(M) → argmax_{x∈P} Σx_i ... roughly yes, because gradient direction -2(x-q) ≈ 2M·1, aligned with objective sum; x*(M) for large M maximizes Σx_i over P (the projection of a distant point along direction 1 lands on the face maximizing 1·x, and within that face, picks... some point). For ties it picks nearest among the optimal face — fine. M = 8 is surely "large" since polytope diameter < 1. Actually does finite M still hit the argmax face? Not exactly but the error is tiny (angle tilt). To be safe use M=16. Radii will get projected down to feasible (~0.1 each). Good.

Then position optimization: To avoid needing duals, use the penalty gradient descent (squared-hinge) as the main local optimizer, and use LP+radii-solve as the "polish" at the end of each basin. Actually, the penalty gradient descent alone converges slowly near kinks; combination is good: penalty descent for global-ish movement, LP for precise radii.

Position forces from LP: after LP solve, tight pairs (r_i + r_j ≈ d_ij) can be pushed apart to increase the LP value. Approximate ascent direction on positions: for each tight pair, force proportional to (dual value) — estimate dual: constraint r_i+r_j <= d_ij tight; dual λ_ij = ∂(max sum)/∂d_ij. Estimate by re-solving LP with d_ij increased by h? Too expensive (325 resolves). Approximation: λ_ij ≈ average marginal... Alternative known-effective heuristic: push apart tight pairs with force proportional to current r_i + r_j? Simple heuristic: all tight contacts apply unit repulsion; boxes apply too. Then step sizes small, LP re-solved each iteration; this is essentially a "spring layout" maximizing the LP value. It generally improves sum since increasing any tight d_ij non-decreases LP max. The ascent direction = Σ_active λ_ij ∇d_ij with λ>=0 — any positive weights give an ascent direction? If we increase one d_ij, LP value non-decreases... increasing all active d_ij simultaneously by moving along spring forces: derivative of LP value = Σ λ_ij (rate of change of d_ij) — if I move positions along ∇(Σ_active w_ij d_ij), then d Σ d_ij increases, but LP value increase not guaranteed unless w=λ. OK whatever — heuristic works fine in practice (physical relaxation scored best in log).

Better idea for exact duals: solve the LP dual directly! Dual of max Σ r_i s.t. r_i + r_j <= d_ij, r_i <= c_i, r >= 0: dual variables λ_ij >= 0 (pairs), μ_i >= 0 (bounds). Dual: min Σ λ_ij d_ij + Σ μ_i c_i s.t. for each i: Σ_j λ_ij + μ_i >= 1. This is an LP too (325+26 vars, 26 constraints). Solve by projected subgradient? Meh.

Pragmatic route (proven by log): physical relaxation with overlap-driven forces while Dykstra-LP sets radii: 
loop:
  1. r = LP(positions).
  2. compute forces: for each pair with d_ij < r_i + r_j + gap (i.e., active within small tol, say 1e-6... but at LP optimum active pairs have equality): repulsive force pushing i,j apart, magnitude maybe λ_ij approximated by "how much sum would increase" — use uniform small. Also don't forget boundary-active circles should be pushed off walls? If r_i = c_i (boundary tight), pushing circle away from wall allows growth... yes: active boundary → inward force.
  3. positions += η·forces (with per-iteration normalization), keep positions inside [r_i, 1-r_i]... positions must keep circles inside actually that's radii-dependent; just clamp positions to [r_i,1-r_i] after move.
  4. repeat until no improvement.

Actually there's a neat way to get ascent without duals: note that LP value V(x) is concave in x? No... V is piecewise... The cleanest exact method: full KKT system. At a local optimum of the packing, active contact graph forms equilibrium of forces. Standard algorithm (e.g., from circle packing literature): given contact graph, solve nonlinear system: for each active pair d_ij = r_i + r_j; boundaries x_i = r_i etc.; plus force balance with dual multipliers; solve by Newton. That's how packomania gets 1e-15 accuracy. Implementing Newton on the active set is doable but complex. Given the log: "the incumbent is an LP-verified exact local optimum of its basin" — polishing further is pointless. The gains come from BASIN HOPPING — structural perturbations. So the local optimizer just needs to be good enough to land in a basin optimum; the global search is what matters.

So the program: 
- Local optimizer: penalty gradient descent (squared hinge, increasing K) with momentum — robust, smooth, handles position+radii jointly. Then LP polish radii. Then exact repair.
- Global: basin hopping. From incumbent and from restarts. Perturbation types:
  a) Random displacement of a random subset of circles (kick): with radius drawn around local density.
  b) Role swap: pick a small circle and neighboring large circle; swap radii targets (i.e., reassign r values, then relax).
  c) Remove-k-and-regrow: pick k circles, shrink to tiny at random new nearby positions, relax, regrow.
  d) Ring rotation? (AlphaEvolve rotated whole rings.) Maybe rotate a cluster of circles around their centroid by random angle.
- Simulated annealing acceptance: accept if new score > current - T, T annealed; keep global best.
- Multi-start: generate random greedy configurations for diversity: place circles by random sequential adsorption + relaxation. Probably rarely reaches 2.6359, but diversity sometimes finds new basins. Spend most time hopping around the incumbent.

Time management: check time every outer iteration; at 540s stop; also keep trace.Checkpoint every improvement + every 10s.

Repair pass on return: exact monotone Gauss-Seidel shrink with margin, plus boundary clamp, guarantee eps positivity (min radius like 1e-6? If a circle's max radius <= eps... all our circles have r ~0.05-0.14, fine; but keep guard).

Precision concern: The verifier checks dist >= r_i + r_j with tolerance 1e-9. After repair with margin ε = 3e-9 each constraint has slack >= 3e-9 (up to float rounding). With 26 circles, sums involve ~few operations; double has ~1e-16 relative → error ~1e-16 per op; totally safe at 3e-9.

Now the local optimizer penalization details:

Variables: z = [x_i, y_i, r_i] but we parametrize to keep simple bounds? Just handle via penalties in objective and clamp.

Actually, radius positivity: r_i > 0; keep r_i >= r_min (1e-8) via clamp.

Energy with parameter K:
E(z) = -Σ r_i + (K/2)( Σ_{i<j} hinge(d_ij - r_i - r_j)^2 + Σ_i [ hinge(x_i - r_i)^2 + hinge(1 - x_i - r_i)^2 + hinge(y_i - r_i)^2 + hinge(1 - y_i - r_i)^2 ] ), hinge(t) = min(t, 0).

Gradient: define for each pair with s = d - r_i - r_j < 0: g = K·s (negative). 
∂E/∂r_i += g·(-1) = -g → ∂E/∂r_i += |g|? Let me define c = K*s (c < 0 when violated). 
s depends on r_i, r_j with ds/dr = -1 → contribution to ∂E/∂r_i = c·(-1) = -c > 0. (Positive gradient on r → descent shrinks r. Makes sense.)
s depends on x_i via ds/dx_i = (x_i - x_j)/d. ∂E/∂x_i += c·(x_i-x_j)/d (c<0 → gradient pushes... descent moves x_i along -grad = c... let me trust descent on it: -∂E/∂x_i = -c·(x_i-x_j)/d with -c>0 → pushes x_i away from x_j. Good.)
Boundary slack s = x_i - r_i < 0: c = K s; ds/dx_i = 1 → ∂E/∂x_i += c; ds/dr_i = -1 → ∂E/∂r_i -= c.
Similarly for right: s = (1 - x_i) - r_i; ds/dx_i = -1.

Plus ∂E/∂r_i += -1 from objective.

Descent method: Adam with β1=0.9, β2=0.999, lr adaptive ~1e-3 decreasing; or plain gradient descent with backtracking line search. For 78 variables and smooth-ish function, BB (Barzilai-Borwein) step gradient descent is simple and effective. I'll do gradient descent with backtracking: step t, if E(new) < E(old) accept & t*=1.5 else t*=0.5, revert. Each iteration: 1 gradient + few energy evals; each eval O(325 pairs) → very fast; can do 1e5+ iterations per basin easily. K schedule: run stages K = 10^2, 10^3, ..., 10^7, each until convergence (||grad|| small or stall), then LP polish + repair → score.

Wait — with squared hinge K=1e7, violations ~ sum/K ~ 1e-7 → after repair shrink lose ~ Σ overlaps ≈ small. The LP polish handles final radii, so energy precision matters less for radii; positions from K=1e7 stage are good.

Then basin-hopping acceptance with SA temperature.

Also implement "LP polish + position micro-refinement" for final incumbent: maybe Newton later; skip for now.

Structural perturbations detail (kick phase):
```
function perturb(circles, strength, rng):
  c = deep copy
  pick mode:
   0: random subset (1-4 circles) displaced by gaussian*strength in random directions.
   1: role swap: sort by r; pick one from bottom quartile, one from top quartile; swap their r (set r_small' = r_large, r_large' = r_small) and maybe also swap positions slightly; then let relaxation sort it out. Actually physically: make small circle big at small's location (overlaps → relaxation pushes neighbors). This directly explores contact-graph changes.
   2: insert-and-squeeze: shrink all radii by factor (1 - δ), move a random circle to a random empty-ish spot, relax regrow. When radii shrink, positions can move more freely (tunnels open).
   3: cluster rotate: pick a circle and its 4-6 nearest neighbors, rotate around centroid by θ (keep radii), then repair/relax.
   4: mirror/reflection of a region? maybe skip.
```
After perturbation: run local optimizer (shorter), repair, score; SA-accept.

Allocation of 540s: e.g., incumbent polish at start (quick); then loops. Each basin: local opt maybe 0.2-1.5s (let's time-check every few dozen iterations) — budget ~ 300-1000 basins. Good.

Also track the trace: push [t, best] on improvement and every 10s.

Also handle params: attempt to read a starting configuration. Formats guessed: params might be array; params.solution; params.packing; params.start; params.best. I'll write robust extractor: search object for an array of 26 entries each being array of >=3 numbers, recursing into object values. If found, deep-copy, repair, and make it the incumbent & best. Also SEED hard-coded good configurations? I cannot hard-code 2.6359 coords I don't know. So rely on params. If none, build from a decent heuristic (grid jitter + relaxation) as cold start.

Extra safety: the "assignment to constant variable" runtime error killed attempts — avoid reassignment of const; use let carefully. Syntax errors from cutoff — keep code complete; avoid exotic syntax. Use plain functions.

Also a global random restart generator for diversity: random positions, small equal radii, relax.

Evaluation of d_ij: use hypot? Math.sqrt(dx*dx+dy*dy). Fine.

Let me now also think about the LP polish (Dykstra) — do I even need it given penalty optimizer + repair? The repair (monotone shrink) may lose up to residual violation sum. With K=1e7 stage, residual violation per constraint ~ g/K where g=|grad-r contribution|~1 → ~1e-7 per tight constraint; ~35 tight constraints → total radius loss ~ Σ violations ≈ maybe 1e-6? Plus monotone shrink cascades. LP polish would recover precise optimum radii given positions. Include it — it's cheap and only improves. After LP, do exact repair shrink with ε margin.

Sequence for evaluating a configuration's score: 
1. positions from optimizer.
2. r = Dykstra LP(positions) (max-sum radii). 
3. monotone repair-shrink with margin ε_m = 2e-9 (as multiplier on each constraint: r_i <= d_ij - r_j - ε_m). Wait — monotone shrink from LP radii: LP radii feasible up to 1e-15; shrinking via Gauss-Seidel with margin: r_i = min(r_i, d_ij - r_j - ε) — from feasible point, each update subtracts at most ~ε + existing tiny violation; a couple of passes converge (monotone). Total loss ~ 26·2ε ≈ 1e-7. Acceptable. Could use asymmetric: shrink only the one with larger r? Monotone min update is simple; convergence guaranteed (decreasing sequence). Since updates are tiny, fixed point reached in a few sweeps.
4. score = Σ r.

Also clamp centers: x_i in [r_i+ε, 1-r_i-ε] — handled by treating boundary as constraints in Gauss-Seidel: r_i <= x_i - ε etc. But if x_i - ε < 0 (center outside/at wall): clamp x first: x_i = min(max(x_i, ε+ tiny), 1-ε-tiny)? Then r. To be fully safe: first clamp centers to [1e-9... 1-1e-9]-ish? Actually centers near wall with LP radii 0... fine: clamp x_i into [0.001?, ...] no—clamp to [ε, 1-ε]; then LP radii with c_i = min(x_i,1-x_i,...) - ε.

Dykstra LP details:
```
function lpRadii(xs, ys, margins /*eps*/):
  n=26
  c[i] = min(xs[i],1-xs[i],ys[i],1-ys[i]) - eps  (if c< rmin, c=rmin... keep positivity r_i >= rmin: rmin=1e-7? then constraints r_i+eps... whatever)
  pairs: for i<j: cap d_ij - eps.
  Dykstra: r init all = 0.4; corrections arrays stored as contributions: for pair constraint k: correction vector nonzero at i,j: pk_i, pk_j. For bound constraint: at i.
  Standard Dykstra: x = iterate; for each constraint: y = x + p_k; project y onto halfspace → y'; p_k = y - y'; x = y'.
  Projection onto pair halfspace r_i + r_j <= cap: if y_i + y_j > cap: excess = (y_i+y_j-cap)/2; y_i-=excess; y_j-=excess. (Euclidean projection onto the halfspace = also project onto the plane since touching plane.) Also r>=0 nonnegativity constraints: add halfspaces r_i >= 0 (projection: max(0, ·)) — include as constraints.
  Sweeps until max change < 1e-14 or 400 sweeps.
```
This projects initial point (all 0.4) onto feasible polytope → approx max sum radii. Good. Optimization: performance: constraints ~ 325 pairs + 26 bounds + 26 nonneg = 377; 400 sweeps → 1.5e5 ops per LP; fine.

Actually wait: Dykstra projects the INITIAL point; initial (0.4...). Is 0.4 big enough to act as "infinite"? The max-sum vertex x* has Σ ≈ 2.6359. Distance from q=0.4·1 to x*... the projection picks the point on P nearest q. If q is not far enough along normal cone... The condition for x* (max-sum vertex) to be the projection of q: q - x* must lie in normal cone of P at x*. Normal cone at vertex is generated by outward normals of active constraints, which include (in r-space) vectors... active pair constraints have normals e_i + e_j; active bound constraints e_i. The cone generated by {e_i+e_j, e_i} over active set — does it contain direction M·1 - x*? For M·1 - x* ≈ M·1 (M large), need 1 ∈ cone span with nonneg coeffs: 1 = Σ λ (e_i+e_j) + Σ μ e_i requires for each i: Σ_j λ_ij + μ_i = 1, λ,μ >= 0 — exactly dual feasibility! If the contact graph is rich enough that the dual is feasible with strict positivity, then for M large enough, q's projection = x* exactly. With M=0.4: q - x* has components 0.4 - r_i ≈ 0.25-0.36 ≥ 0 — likely still inside normal cone (dual multipliers scaled). Since λ scale with M: finite M fine. Use M = 0.5 to be safe (r_i <= 0.5 anyway; q above all feasible points componentwise... hmm if q componentwise-dominates all feasible points, is the nearest point the max-sum point? Consider P = {r1+r2 <= 1}, q=(0.6,0.6): projection onto the line r1+r2=1 gives (0.55, 0.55)... wait projection: EX= (0.6+0.6-1)/2=0.1 → (0.5,0.5). Sum=1 = max. Good. In general projecting a dominating point gives a Pareto-maximal point; and pushes sum near max. Good enough: M=0.6.)

Edge: if polytope weird (circle centers overlapping identical positions → d_ij=0 → r_i=r_j=0 → positivity violated but final repair will set rmin tiny; only matters for degenerate random restarts). Guard rmin = 1e-9? "every radius strictly positive" — set floor at 1e-7 in final repair; if a circle ends below floor... force r_i = 1e-7 might cause overlap... Nonneg constraints in Dykstra at 0; final repair: monotone decrement can't go below 0& it'd set r_i = max(r_i, ...)? If LP gives 0, final clamp: r_i = max feasible = possibly 0 → then set 1e-7 and re-run shrink of neighbors... Keep it simple: final repair enforces r_i in [tinyFloor, maxFeasible_i] with tinyFloor=1e-8; if maxFeasible_i < tinyFloor, reduce neighbors... This corner case shouldn't arise in practice because optimizer grows radii. I'll implement repair loop: iterate: for each i: r_i = min(...); then r_i = max(r_i, 1e-9 positive floor) but ensure after flooring constraints still pass? Simplify: floor 1e-9 and after all passes do full feasibility double-check; in the (never-seen) case of violation, shrink offender. Fine.

Position optimizer refinement — also add wall handling in optimizer: clamp x_i within [r_i, 1-r_i] each step? With r_i varying... penalties handle it; hard clamp can fight penalties. Keep penalties only; plus final repair.

Now the gradient descent: use Adam for robustness (smooth squared hinge). lr schedule ~ 3e-3 → 3e-6 over basin, K annealing: K = 1e3 → 1e5 → 1e7 across three sub-stages. Or simpler: single K=1e6 constant... but then early escape from overlaps is stiff; multiple K stages work like continuation. Implement `relax(circles, maxMs, Kschedule)` returning refined circles.

Then basin scoring: scoreOf(circles) = repair+LP+shrink → sum.

Global loop pseudo:
```
best = repair(incumbent) if present else relax(randomStart)
cur = best
while time left:
   cand = perturb(best or cur, strength by schedule)
   cand = relax(cand, sliceMs)
   s = scoreOf(cand)
   if s > best.score: save best, trace push; cur = cand
   else accept with prob exp((s-curScore)/T) → cur = cand (keep exploring), else revert cur=best (restart to best with stuck counter logic)
   Decay T. Kick strength adapts: if many consecutive failures, increase strength / reheat.
```

Trace: array of [sec, bestScore]; push on improvement; also every 10s push even unchanged.

Return: {solution: best.circles (2D array [x,y,r] with exact numbers), trace}.

Now — will this beat 2.635907462? The gains there came slowly (+1e-6). Beating by 7.6e-5 needs luck OR better local optimizer precision. The FAILED Adam attempt reached 2.63586 in-basin but lost 1.1e-4 at exactness. My plan's LP polish + squared-hinge avoids that loss. Honestly, matching packomania 2.635983 needs finding the right contact graph; probability per basin low but nonzero. The strategy: maximize number of quality basins explored (efficient local optimizer) + targeted structural moves. This first attempt: get it working robustly, then iterate with revisions using diagnostics.

Time checks: `Date.now() - t0 > 540000` inside loops; also inner relax loops check every 64 iterations.

Careful with: no const reassignment; no syntax errors; keep function lengths sane; ensure return before 600s: hard stop at 540s, final repair at end (fast, <100ms).

Let me now write the code concretely.

```js
export default function solve(params) {
  const t0 = Date.now();
  const TIME_LIMIT = 540000;
  const N = 26;
  let trace = [];
  let lastTraceT = 0;

  function nowSec(){ return (Date.now()-t0)/1000; }
  function timeUp(){ return Date.now() - t0 > TIME_LIMIT; }

  // seeded rng for reproducibility? Math.random fine. Use mulberry32 for reproducible behavior; different each run fine either way. I'll use Math.random.

  function clone(a){ let b = new Array(a.length); for (let i=0;i<a.length;i++){ b[i] = [a[i][0], a[i][1], a[i][2]]; } return b; }

  function extract(obj, depth){
    if (!obj || depth > 4) return null;
    if (Array.isArray(obj)){
      if (obj.length === N && Array.isArray(obj[0]) && typeof obj[0][0] === 'number' && obj[0].length >= 3) return obj;
      for (let i=0;i<Math.min(obj.length, 64); i++){ let r = extract(obj[i], depth+1); if (r) return r; }
      return null;
    }
    if (typeof obj === 'object'){
      for (let k in obj){ let r = extract(obj[k], depth+1); if (r) return r; }
    }
    return null;
  }
```

Careful: extract on array whose elements are arrays — the check `obj.length===N && Array.isArray(obj[0])...` catches [ [x,y,r], ...]. If params = {solution:[[...]], trace:[...]}, recursion through values finds it. Also numbers array length 3. Good. But avoid infinite recursion on huge params (depth guard). Also `for k in obj` on arrays handled above. OK.

Distance/energy:

```js
  function energy(circ, K){
    // E = -sum r + K/2 * sum hinge^2
    let E = 0;
    for (let i=0;i<N;i++){ E -= circ[i][2]; }
    let pen = 0;
    for (let i=0;i<N;i++){
      const xi=circ[i][0], yi=circ[i][1], ri=circ[i][2];
      let s;
      s = xi - ri; if (s<0) pen += s*s;
      s = 1 - xi - ri; if (s<0) pen += s*s;
      s = yi - ri; if (s<0) pen += s*s;
      s = 1 - yi - ri; if (s<0) pen += s*s;
      for (let j=i+1;j<N;j++){
        const dx = xi - circ[j][0], dy = yi - circ[j][1];
        const d = Math.sqrt(dx*dx+dy*dy);
        const sp = d - ri - circ[j][2];
        if (sp < 0) pen += sp*sp;
      }
    }
    return E + 0.5*K*pen;
  }
```

Gradient:

```js
  function gradient(circ, K, g){ // g: Float64Array(3N) zeroed by caller or here
    g.fill(0);
    for (let i=0;i<N;i++){
      const xi=circ[i][0], yi=circ[i][1], ri=circ[i][2];
      g[3*i+2] -= 1; // d(-sum r)/dr
      // boundaries
      let s = xi - ri; 
      if (s<0){ const c=K*s; g[3*i]+=c; g[3*i+2]-=c; }
      s = 1 - xi - ri;
      if (s<0){ const c=K*s; g[3*i]-=c; g[3*i+2]-=c; }
      s = yi - ri;
      if (s<0){ const c=K*s; g[3*i+1]+=c; g[3*i+2]-=c; }
      s = 1 - yi - ri;
      if (s<0){ const c=K*s; g[3*i+1]-=c; g[3*i+2]-=c; }
      for (let j=i+1;j<N;j++){
        const dx = xi - circ[j][0], dy = yi - circ[j][1];
        const d2 = dx*dx+dy*dy;
        const d = Math.sqrt(d2>1e-30?d2:1e-30);
        const sp = d - ri - circ[j][2];
        if (sp<0){
          const c = K*sp; // <0
          // dE/dr_i -= c; dE/dr_j -= c; 
          g[3*i+2] -= c;
          g[3*j+2] -= c;
          const ux = dx/d, uy = dy/d;
          // s depends on x_i via +ux, on x_j via -ux
          g[3*i]   += c*ux;
          g[3*i+1] += c*uy;
          g[3*j]   -= c*ux;
          g[3*j+1] -= c*uy;
        }
      }
    }
    return g;
  }
```

Check signs: s = d - r_i - r_j. ∂s/∂x_i = (x_i - x_j)/d = ux. ∂(K/2 s²)/∂x_i = K s · ux = c·ux. Correct. ∂s/∂r_i = -1 → K s · (-1) = -c → g[3i+2] += -c i.e. g[3i+2] -= c. Correct.

Descent with backtracking:

```js
  function optimize(circ, K, maxIter, lr0){
    let lr = lr0;
    let E = energy(circ, K);
    const g = new Float64Array(3*N);
    const trial = new Array(N);
    for (let it=0; it<maxIter; it++){
      gradient(circ, K, g);
      // try step
      let improved = false;
      for (let ls=0; ls<30; ls++){
        for (let i=0;i<N;i++){
          trial[i] = circ[i]; // placeholder replaced below
        }
        ...
      }
    }
  }
```

Hmm — backtracking with full energy each eval is fine (cheap). Let me write cleanly:

```js
  function step( circ, g, lr ){
    const out = new Array(N);
    for (let i=0;i<N;i++){
      out.push? no...
    }
  }
```

Write inline inside optimize: create `nc = clone(circ)` then nc[i][k] = circ[i][k] - lr*g[3i+k] (k=0,1,2). Then r clamp: nc[i][2] = max(nc[i][2], 1e-6). E2 = energy(nc,K). If E2 < E: accept, lr *= 1.3 (cap), else revert, lr *= 0.5, and if lr < 1e-12 break. Also stop if relative improvement < 1e-16 over many iters. Add max time check inside optimize every 256 iters returning early.

Adam alternative may converge faster than BB-ish backtracking; but backtracking GD on smooth-ish energy is dependable. Keep both? Simplicity: backtracking GD with momentum? Let me add momentum (heavy-ball): v = 0.9 v + g; step along v; backtracking on energy. Momentum accelerates shallow directions. Implement:

```
v = Float64Array(3N) zeros
loop:
  compute g
  v = mom*v + g
  try step with lr along v; accept → E=E2, lr*=1.25 (max lrMax), maybe v stays; reject → lr*=0.5, v=0 (reset momentum), and retry from g (i.e., continue without accepting).
```
We'll converge when lr collapses repeatedly: track consecutive rejects; break when lr < lrMin.

Energy scale: E ≈ -2.63 + K/2·pen. At K=1e7, lr scale should be ~ 1/(K·L)... backtracking handles.

Convergence thresholds: run stages: K in [1e2, 1e4, 1e6, 1e8]? At K=1e8, energy ~ -2.63 + 5e7·(viol²); violation resolution ~ 5e-9-ish. Then LP polish handles the rest, so K=1e7 enough; do up to 1e8 cheap since iterations are few at the end. Actually large K makes energy landscape stiff and GD slow; but we start from nearly feasible so violations tiny → gradients tiny → fine. Let me do K stages [1e3, 1e5, 1e7] then LP. Hmm but if perturbation created big overlaps, K=1e3 stage resolves; good.

LP (Dykstra) implementation with constraint arrays for speed:

Precompute pair index lists iA[j], jA[j] once globally (325 pairs). 

```js
  function lpRadii(circ, eps){
    // returns array r maximizing sum, feasible wrt current centers, margin eps.
    const M = 0.6;
    const r = new Float64Array(N);
    for (let i=0;i<N;i++) r[i]=M;
    // bound caps
    const cap = new Float64Array(N);
    for (let i=0;i<N;i++){
      const x=circ[i][0], y=circ[i][1];
      cap[i] = Math.min(x, 1-x, y, 1-y) - eps;
    }
    // Dykstra corrections
    const pj = new Float64Array(NP * 2); // pair corrections: for pair p: corr on i and j — store as separate arrays ci, cj
    ...
  }
```

Dykstra with arrays:

```
const P = N*(N-1)/2;
const pi = new Float64Array(P), pj = new Float64Array(P); // corrections
const cb = new Float64Array(N); // bound corrections
const cn = new Float64Array(N); // nonneg corrections (r_i >= 0)
sweeps:
  maxCh = 0
  for p in pairs (loops i<j with index p++):
     // y = r + corr
     let yi = r[i]+pi[p], yj = r[j]+pj[p];
     const cap = d[i][j] - eps;  // precompute d from circ each call — 325 sqrt per call per sweep?? 400 sweeps * 325 sqrt = 130k sqrt per LP call — fine (sqrt ~ 20ns) → 2.6ms. OK. But we can precompute d once per lpRadii call (positions fixed): store dd[p]. Then cap_p = dd[p]-eps precomputed. 
     let ex = yi + yj - capp[p];
     if (ex > 0){ yi -= ex/2; yj -= ex/2; }
     // update corrections
     pi[p] = yi - r[i];?? 
```

Wait Dykstra correction update: for constraint C, with current iterate x: y = x + p (p = correction for this constraint); ŷ = proj_C(y); p ← y - ŷ; x ← ŷ. Here x = r vector shared. Corrections stored per constraint. For pair constraint affecting coords i,j: 
```
yi0 = r[i] + pci[p]; yj0 = r[j] + pcj[p];
[yip, yjp] = proj(yi0, yj0) // project onto {a+b <= cap}
pci[p] = yi0 - yip; pcj[p] = yj0 - yjp;
r[i] = yip; r[j] = yjp;
```
And r[i], r[j] assignments immediately visible (Gauss-Seidel style Dykstra — still converges). Good.

Bound constraint i: r_i <= capb[i]: 
```
y0 = r[i] + cb[i];
yp = Math.min(y0, capb[i]);
cb[i] = y0 - yp;
r[i] = yp;
```
Nonneg constraint r_i >= 0:
```
y0 = r[i] + cn[i];
yp = Math.max(y0, 0);
cn[i] = y0 - yp;
r[i] = yp;
```
maxCh tracked as max |r change| per sweep for convergence (r change = |yip - previous r[i]|). break when maxCh < 1e-15. Cap sweeps 2000.

Note Dykstra projects the INITIAL r0 = M·1 only if sweeps keep the full correction bookkeeping; yes that's the algorithm.

Result: r maximizing (approx) sum. Then monotone repair shrink:

```js
  function repairShrink(circ, r, eps){
    // circ positions fixed; r in/out as array; ensure feasibility with margin eps.
    for (let i=0;i<N;i++){
      const x=circ[i][0], y=circ[i][1];
      let c = Math.min(x,1-x,y,1-y) - eps;
      if (r[i] > c) r[i] = c;
      if (r[i] < 1e-9) r[i] = 1e-9; // positivity floor; will resolve conflicts below
    }
    let changed = true, iter=0;
    while (changed && iter < 200){
      changed = false; iter++;
      for (let i=0;i<N;i++){
        for (let j=i+1;j<N;j++){
          const dx=circ[i][0]-circ[j][0], dy=circ[i][1]-circ[j][1];
          const d=Math.sqrt(dx*dx+dy*dy);
          const lim = d - eps;
          if (r[i] + r[j] > lim){
            // shrink: both proportionally? monotone: reduce so sum fits while subtracting from the larger... 
            const over = r[i] + r[j] - lim;
            // subtract half from each
            const a = over/2;
            r[i] -= a; r[j] -= a;
            if (r[i] < 1e-9){ r[j] += r[i] - 1e-9? messy }
            changed = true;
          }
        }
      }
    }
  }
```

Hmm monotone half-half shrink: each shrink reduces r_i and r_j; subsequent pairs see smaller values → converges (values decrease, bounded below). Terminate when no viol > tiny. But half-half may push negative if one circle tiny... e.g., r_i=0.15, r_j=1e-9, lim small → a=(0.15+1e-9-lim)/2 ~ 0.075 → r_j negative. Then floor to 1e-9 and shrink the other more? Handle: shrink only the larger one when smaller is at floor:

```
if (r[i]+r[j] > lim){
  let need = r[i]+r[j]-lim;
  // take from larger first
  if (r[i] >= r[j]){ let take = Math.min(need, r[i]-FLOOR); r[i]-=take; need-=take; r[j]-=need; }
  else symmetric...
  if (r[j] < FLOOR){ r[j]=FLOOR; } // hopefully need fully absorbed; degenerate cases only.
}
```
FLOOR = 1e-9. In practice with good configurations need is tiny (~1e-9) so no drama. After loop, final boundary clamp again (pair shrink may... boundary unaffected by pair shrink since shrinking reduces r, bound slack grows). Then final safety pass: check each constraint exactly; if any residual violation (float dust), shrink involved radii by 1e-11 each until clean — bounded loop.

But hold on: repairShrink halves total sum loss potentially ~ Σ over — after LP with eps used inside lpRadii already? If lpRadii already uses margin eps in caps, radii are already eps-feasible; then repairShrink(eps2=1e-9) loses ~nothing (distances computed identically). Use eps=2e-9 in lpRadii directly, then repairShrink with eps=2e-9 — virtually no shrinkage, loop exits after iteration 1-2. 

But wait, do I use LP radii in the *search score* too? Search score should reflect post-repair sum → yes, scoreOf = sum after lp+repairShrink. Consistent and exact.

Also the boundary clamp inside repairShrink handles centers possibly out of square? If circ[i] center outside [0,1] (optimizer drift), c = min(x,1-x,...) - eps could be negative → r negative → floor issues. Add center clamp before: x = min(max(x, eps+1e-9?), ...) hmm but then r<= x-eps >= floor ok. Let me clamp centers to [eps+FLOOR+1e-12, 1-(eps+FLOOR+1e-12)] inside scoreOf before LP. Actually clamping centers each scoreOf modifies circ in place — acceptable? For search bookkeeping I'd rather copy. scoreOf(circ) → build pos copy clamped → radii → sum. The positions used in scoring are clamped versions; but the candidate stored may differ slightly... Keep in-place clamp (move center slightly inward) — it's fine and keeps everything consistent.

optimize() uses energy with penalties — positions stay near-feasible; clamp drift at scoring time.

Now the score function:

```js
  function scoreOf(circ, mutate){
    // clamp centers slightly inside
    for i: circ[i][0] = clamp(...)
    const r = lpRadii(circ, 2e-9);
    repairShrink(circ, r, 2e-9);
    let s=0; for sum r.
    // attach radii to circ? If mutate: circ[i][2]=r[i]
    return s;
  }
```

For the search, candidates are full circles (with r used by optimizer), scoring replaces r with LP values (mutate true) so that subsequent perturbations start from well-formed configs.

Now relaxation of a perturbed candidate: the perturbation changes positions/radii; optimizer (energy with radii included!) adjusts positions AND radii jointly — that's where radii participate; then scoreOf radii-polish. Wait, but if optimizer already moves radii via -Σr and penalties, LP polish afterwards anyway. Fine: during optimize, radii are variables; at scoring, radii recomputed optimally given positions. Slight mismatch (optimizer radii vs LP radii) is okay — optimizer's job is positions mainly. Alternatively during optimize fix radii at LP values? No, joint is fine.

Perturbation modes (operate on candidate = clone(cur)):

```
function perturb(circ, strength){
  const mode = Math.floor(Math.random()*6);
  if (mode===0){ // gaussian displacement of k circles, radii kept
    const k = 1 + floor(rand()*3); pick subset; dx,dy ~ gaussian*strength (Box-Muller or sum of uniforms); positions += ; 
  }
  else if (mode===1){ // role swap radii between a big and a small circle
    sort indices by r; pick one of bottom 6, one of top 6; swap r values (keep positions). Overlap explosion → resolved by optimizer.
  }
  else if (mode===2){ // shrink-then-move: shrink ALL r by factor 0.7*strength? then move k circles far-ish, then optimizer regrows radii? Wait optimizer grows radii because -Σr term. If energy radii shrink, -Σr becomes less negative → worse E; gradients push regrowth. OK.
  }
  else if (mode===3){ // displace a whole neighborhood: pick a circle, move it + 2 nearest by a common translation (block move)
  }
  else if (mode===4){ // swap positions of two circles (their radii travel with them) — classic basin hop on contact graph
  }
  else { // rotate a cluster around its centroid
    pick seed circle; take its m=4..7 nearest neighbors; rotate all (pos and r kept) around centroid by θ in [-π, π].
  }
}
```

After perturb: optionally re-normalize radii via quick shrink-repair (so optimizer starts feasible) — or just let optimizer handle overlaps; with K staging starting 1e3 it's fine.

Acceptance + temperature schedule:

```
let bestS = scoreOf(incumbent); best = incumbent
let cur = clone(best), curS = bestS
let T = 2e-4; // initial; decays
let stuck=0;
while(!timeUp()){
  perturbation strength adaptive: base 0.01*(1) growing with stuck count; strength = 0.01 * (1 + stuck*0.3), cap 0.3? plus random.
  cand = clone(cur); perturb(cand, strength); optimize(cand, ...) limited iters (e.g., budgetMs ~ 300ms? better: iteration caps with periodic time checks); s = scoreOf(cand, true);
  if (s > bestS + 1e-12){ bestS=s; best=clone(cand); trace push; cur=cand; curS=s; stuck=0; }
  else if (s > curS || Math.random() < Math.exp((s-curS)/T)){ cur=cand; curS=s; stuck++; }
  else { stuck++; if (stuck % 12 === 0){ cur=clone(best); curS=bestS; } }
  T = max(1e-6, T*0.9995)?? per-iter decay... careful iteration count unknown. Use time-based: T = T0 * (1 - elapsedFrac) + Tmin. elapsedFrac = elapsed/TIME_LIMIT*? Use T = 3e-5*(1-frac)+3e-7.
}
```

Hmm, acceptance on cur vs best: classic basin hopping accepts relative to cur with random walk; the `stuck%12` restart to best prevents wandering.

Structural deep dives: occasionally (every ~40 iters) take best, perturb with LARGE strength, optimize longer (intensification).

Also multistart: every so often (if time > X and few improvements), generate random config: uniform positions, r=0.02, optimize longer (say 2-4s), score; keep if better; else discard. Adds diversity. With 540s: allocation: maybe 80% hopping around best, 20% restarts.

Also: re-optimize best with LP polish periodically ensures incumbent exactness (idempotent).

Now performance: optimize iteration cost ≈ energy+gradient ~ 2×325 pair ops ≈ ~1-2 µs? Actually each pair op ~ 20 flops + maybe sqrt; gradient ~ 400 sqrt ~ 8µs; energy ~ 400 sqrt. So iteration ~ 15-30µs. 3000 iterations per optimize ≈ 60-90ms. With 3 K stages ≈ 200ms per candidate. 540s / 0.25s ≈ 2000 candidates. Reasonable. LP radii ~ 400 sweeps × 377 constraints ≈ 150k ops ≈ 1-3ms per scoring — negligible.

But adaptive: measure iteration speed; cap optimize iterations by time slice (e.g., while(Date.now()<slotEnd)). I'll pass an end-time to optimize; it checks every 128 iters.

Random config generator (for restarts):
```
positions: jittered 5x5/6x6 grid? 26 = 5x5+1... or random uniform; radii 0.03; optimize with generous time (1-2s). Grid init gave "lattice-init" invalidity in log — but that was because final answer was invalid, not the init itself; our repair guarantees validity. Actually lattice-init is marked DEAD END (4/4 invalid) — that was a final-answer defect, not necessarily bad as a search start. But to be safe I'll use random-uniform + greedy jitter, not pure lattice, and rely on repair anyway.
```

Hmm, keep it simple: random positions uniform in [0.05,0.95], r=0.025, optimize long. Probably reaches ~2.55-2.62 basin — never beats but adds diversity... honestly its chance of beating 2.6359 is essentially nil; better spend that time hopping near best. But structural novelty ("completely different arrangement" reaching 2.63592717) suggests new basins exist; hops from best explore nearby basins — the neighborhood of a 2.6359 config likely contains the 2.63598 basin if it's "close" in some moves. I'll allocate ~85% hopping, 15% restarts (cheap 300ms ones) with occasional long ones.

Actually let me reconsider: 7.6e-5 gap = sum over circles ~3e-6 per circle. That's within optimizer imprecision?? No — the incumbent is a verified exact local optimum; moving to a different contact graph changes sum by discrete jumps typically ≥1e-5. It's genuinely structural.

One more powerful structural move: "delete the worst circle region": pick the circle with smallest r, remove it (set r tiny), move it to the largest empty hole (find via sampling), then relax — classic insertion move. Include as a mode.

Also a "squeeze" move: pick the circle with the largest r and split? Can't — fixed 26.

Okay. Also implement short-range swap: pick two adjacent circles, swap their radii (not positions). Mode 1 does random big/small; adjacent swap is useful too — include within mode 1 variants.

Final repair before return: run finalRepair(best.circles): clamp centers, LP, shrink with eps=2e-9, verify all constraints with slack >= 1e-9 (assert-ish loop: if violation shrink by tiny). Also ensure r>=1e-9. Then return {solution, trace}.

Also push trace at start [0, bestS] and final [t, bestS].

Now, will gradient-based optimize + these moves beat 2.635907462? Uncertain but this is attempt 1; robust baseline + diagnostics. I'll tune with later revisions. Possibly also add: at every improvement of best, run an aggressive LP-verified exact polish (Newton?) — skip Newton for now.

Edge case: params undefined/null → extract returns null → cold start: generate random config, optimize for ~30s? No—cold start unlikely (harness passes incumbent presumably). If no incumbent, do longer multi-start schedule. Fine as is.

Let me also double check Dykstra projection formula for halfspace {a+b <= cap} in coordinates (u,v): unconstrained point (u0,v0) with u0+v0 > cap. Closest point: subtract (ex/2, ex/2) where ex = u0+v0-cap. Yes (normal direction (1,1)/√2; distance ex/√2; move ex/2 along each axis). Correct.

But note Dykstra pairing with immediate in-place updates (Gauss-Seidel Dykstra) converges to the same projection — standard.

Convergence of Dykstra: maxCh per sweep; threshold 1e-13; cap 1500 sweeps. For 26 circles usually < 300 sweeps.

Performance in lpRadii could matter since scoreOf calls it for every candidate (~2000 candidates × 2ms = 4s — fine).

Let me also think: should optimize() optimize with radii as variables at all, or should positions-only with LP radii inner loop be better? Positions-only gradient: gradient of V(x)=maxΣr via duals... don't have duals. Position-only finite-diff is expensive. Joint penalty is fine.

Actually alternative trick for better position moves: after LP radii computed, compute "pressure" forces: pair with tight constraint → the LP would gain by increasing d_ij; approximate λ_ij by re-solving? skip.

Let me now also add small safety: in optimize, clamp radii >= 1e-6, <= 0.5, and positions within [-0.2,1.2] to avoid NaN blowups if lr explodes (backtracking should prevent, but clamp anyway).

Box-Muller gaussian:
```
function gauss(){ let u=0,v=0; while(u===0)u=Math.random(); return Math.sqrt(-2*Math.log(u))*Math.cos(2*Math.PI*Math.random()); }
```

Cluster rotation: pick seed s; find m nearest by center distance; centroid cx,cy; rotate each: standard rotation. Afterwards circles may exit square → optimizer+penalties+repair handle; or clamp positions inside [0.02,0.98].

Insert move (hole insertion): 
```
pick k = circle with smallest r among random 5 candidates;
find hole: sample 80 random points, compute min clearance = min_j (d(point, j) - r_j) and boundary dist; pick point maximizing clearance; place circle k there with r = small (e.g., clearance*0.5, min with something).
```

Good.

Acceptance T schedule time-based:
```
function tempAt(elapsedFrac){ return 4e-5*(1-frac)+5e-7 ... }
```
Let me define T0 = 5e-5, Tend=1e-7, T = T0*Math.pow(Tend/T0, frac). frac = elapsed/TIME_LIMIT.

Restart triggers: if stuck > 30 → restart from best with T bump; also every ~50s since last improvement do a "big kick" from best.

Also maintain a small archive of diverse good configs? Later.

Time checks: optimize gets deadline; main loop checks each iteration. Use soft limit 540s; final repair & return; total runtime << 600. Note harness might have overhead — earlier failure "ran past the 300s limit" suggests sometimes limit 300s?? "ran past the 300s limit and was killed" — hmm, one failure mode mentions 300s limit. The problem statement says 600s. The log entry mentions a 300s limit for an "unclassified" attempt. Risky: maybe the verifier enforces 300s in some paths? Safer to target ~280s?? The instruction says 600 seconds and to use 540. But a logged failure says "ran past the 300s limit and was killed". That could be from a different harness configuration. To hedge: also checkpoint time at 280s? No — record best continuously; if killed at 300s we'd return nothing regardless (killed process returns nothing — but wait, killed scores ZERO; the trace showed they "ran past 300s and was killed" so they lost). Compromise: aim to COMPLETE the function by ~285s?? That halves budget. Hmm.

Actually — if the process is killed, we score zero regardless. The failure log says "ran past the 300s limit and was killed" for one attempt — maybe that attempt was written with a self-imposed plan exceeding some timeout... The problem text here says 600s & killed at 600. The failure list seems to compile across this problem's harness though ("Most recent failures ... ran past the 300s limit and was killed"). Mixed signals. Decision: self-imposed cutoff at 285s for main search, but continue a low-risk tail? No: if limit truly 300s, anything after dies. If 600s, stopping at 285 wastes half. 

Trade-off: single attempt, be conservative: use ~275s budget? The expected gain from extra time in basin hopping is modest per log (improvements every ~100-250s). Hmm. But scoring zero is catastrophic. The statement for THIS task explicitly says 600s twice, but the empirical log shows a 300s kill. Empirical evidence > stated text? The entry "ran past the 300s limit and was killed (unclassified)" is among "How attempts have FAILED — 18 of 86" for THIS problem. I'd better respect 300s minus margin. Let me set TIME_LIMIT = 250000 (stop search at 250s, expect return by ~252s). That leaves margin under 300s. If harness is truly 600s we lose some upside but survive. 

Hmm, but wait: successful attempts recorded improvements at t=378s and t=524s! E.g., "the run improved the incumbent (+2.68e-6 at t=124.7s, +1.6e-7 at t=378.1s)" — that attempt ran ≥378s successfully and scored 2.635907306. So 300s was NOT the limit for that run. So limits vary?? Or that "300s" entry is stale/misreported from another problem ("ran past the 300s limit ... mostly: unclassified"). Given evidence of successful >378s runs, I'll trust 600s with cutoff at 540s as instructed.

OK let me also make sure about not accidentally drifting best across restarts etc.

Implementation of optimize(circ, endTime, itersCap):

```
function optimize(circ, endTime, knobs){
  const Ks = knobs.Ks; const itPer = knobs.itPer;
  const g = new Float64Array(3*N);
  for (let s=0; s<Ks.length; s++){
    const K = Ks[s];
    let v = new Float64Array(3*N);
    let lr = knobs.lr0; 
    let E = energy(circ, K);
    let noImp = 0;
    for (let it=0; it<itPer; it++){
      if ((it & 127) === 0 && Date.now() > endTime) return;
      gradient(circ, K, g);
      // momentum update
      for k: v[k] = 0.9*v[k] + g[k];
      // normalize maybe
      let acc=false;
      for (let ls=0; ls<25; ls++){
        // trial
        for i: for k: trial[i][k] = circ[i][k] - lr*v[k];
        clamp trial radii [1e-7,0.5], positions [-0.5,1.5]?? clamping positions far outside kills gradient info but protects. clamp to [-0.25,1.25].
        Et = energy(trial,K)
        if (Et < E - 1e-15){ accept: copy trial→circ (or swap references), E=Et, lr*=1.35, acc=true; break;}
        else lr *= 0.5;
      }
      if (!acc){ v.fill(0); if (lr < 1e-13) break; }
      else noImp tracking...
      // early stop if gradient small? if maxAbs(g) < 1e-9 maybe break;
    }
  }
}
```

Efficiency: allocating trial each ls iteration → GC pressure. Use preallocated flat arrays: represent configuration as Float64Array(3N) internally for optimizer; convert at boundaries. Simpler: keep circles as array-of-arrays for API but preallocate a `trial` array-of-arrays once (module-scope) reused. And circ is mutated in place on accept. Accept copy: overwrite circ entries from trial. Fine.

lr0: with K up to 1e7 gradients large; lr0 = 1e-3/(1+K/1e4)... backtracking fixes anyway. Set lr0 = 1e-3, backtracking will shrink. Momentum complicates backtracking slightly; okay.

Actually — candidate quality benefit if optimize takes initial K small then grows. Ks = [1e2, 1e4, 1e6] for hopping; final polish Ks add 1e8? At K=1e6, penalties residual ~1e-6-ish; LP polish covers the rest. Use Ks [1e2,1e4,1e6] × itPer ~ 800 each.

itPer: quick hop optimize: 600 per stage (~3×600×25µs ≈ 45ms); deep: 3000.

Box count: gradient cost: boundary checks 4N + pairs 325 sqrt... gradient ~ maybe 10µs; each ls iteration energy ~ 5µs; typically 1-3 ls tries (since lr adapts). Iteration ~ 25µs. 1800 iters ≈ 45ms. 540s → ~10k candidates if 45ms each plus scoring 2ms + perturb ~0 → ~10k candidates! Great throughput. Maybe increase itPer to 1200/stage for better convergence per basin (~90ms, 6k candidates). Make adaptive: measure; I'll set knobs sensibly.

Now the incumbent: the passed config presumably ~2.6359 already at an exact local optimum — optimize on it should be fast/idempotent.

One risk: energy E≈-2.63; penalty at K=1e6 with violation 1e-6 → 0.5e6×1e-12=5e-7 scale; gradient for r: 1 - K·|s| ≈ 1±; fine.

Numeric: d can be 0 if two centers coincide → sp = -r_i - r_j <0, ux = 0/0 NaN. Guard: if d < 1e-12 use random unit vector. Handled: I compute d from d2 with max(d2,1e-30) → d≈1e-15, ux = dx/d huge? dx=0 → ux=0; gradient on positions 0; but radii gradient still fine (shrinks). Add explicit jitter if d<1e-9: ux,uy = random unit. Let me add.

Final repair verification loop:

```
function fullRepair(circ){
  clamp centers to [2.2e-9, 1-2.2e-9]... careful: clamp center by δ moves constraints; then LP radii with eps=3e-9? then shrink loop with eps=3e-9; then final check loop exact:
  for iter up to 500:
    viol = 0
    pairs: need = r_i+r_j - (d - 1.5e-9); if need>0: shrink (larger absorbs; cap at floor)
    bounds: c = min(...) - 1.5e-9; if r_i > c: r_i = c, viol++
    if viol==0 break
  floor radii back: r_i = max(r_i, 1e-9) — but this could re-violate if a pair was squeezed to floor... only in degenerate cases; accept risk.
}
```

Hmm floor 1e-9 might break exact no-overlap in degenerate scenarios; our configs have r>=0.02; fine.

Margins: use 3e-9 overall (verifier tolerance 1e-9; we sit at 3e-9 slack — safe).

Also validate: sumScore of solution computed & trace final.

Now write trace pushes: `trace.push([+(nowSec().toFixed(2)), +bestS.toFixed(9)])`. Every improvement and every 10s (checked in main loop).

Potential parsing pitfalls: avoid arrow functions? They're fine in Node. Avoid optional chaining (ok in modern node, but let's keep ES2017-ish safe). Avoid trailing commas in function args (fine but skip). Use `let`/`const` properly, no reassignment of const.

Structure:

```js
export default function solve(params) {
  const t0 = Date.now();
  const TIME_LIMIT = 540000;
  const N = 26;
  const NP = N*(N-1)/2;
  const PIi = new Int32Array(NP), PIj = new Int32Array(NP);
  { let p=0; for i<j { PIi[p]=i; PIj[p]=j; p++; } }
  ...
}
```

Wait block-scope braces with const inside function — fine.

For pairs in energy/gradient, loop directly i<j.

lpRadii using PIi/PIj and precomputed per-call cap arrays:

```
function lpRadii(circ, eps, outR){
  const capb = lbCap (Float64Array N) computed
  compute dd per pair + capp[p] = dd - eps — allocate per call (325) fine.
  r = outR filled with 0.6
  corrections pci,pcj (Float64Array NP), cb(N), cn(N): allocate per call? Allocation churn ~ fine.
  sweeps...
}
```

Let me write the final code now in my head cohesively... also include a "polishBest" routine periodically: optimize(best, longDeadline) + score — basically intensify.

Main loop pseudo final:

```
let best = initial valid config (incumbent or cold start candidate after first optimize)
let bestS = scoreOf(best,true)
trace=[ [0,bestS] ]
let cur = clone(best), curS = bestS
let stuck = 0, it=0, lastImpT = 0
while (!timeUp()){
  it++
  const frac = (Date.now()-t0)/TIME_LIMIT
  const T = 6e-5*Math.pow(2e-3, frac)?? Let me: T0=5e-5, Tend=2e-7: T = T0*pow(Tend/T0, frac)
  const doRestart = (it % 60 === 0) // small chance of random restart
  let cand
  if (doRestart) { cand = randomConfig(); } else { cand = clone(cur); perturb(cand, strength(frac, stuck)); }
  const deep = (doRestart || it%25===0)
  optimize(cand, min(now + (deep? 2500ms : 120ms), hardEnd))
  const s = scoreOf(cand, true)
  if (s > bestS + 2e-12){ best=clone(cand); bestS=s; push trace; cur=clone(cand); curS=s; stuck=0; lastImpT=now }
  else if (s >= curS - 1e-15 || Math.random() < Math.exp((s - curS)/T)) { cur = cur===cand? cand : cand; curS = s; stuck++ }
  else { stuck++; if (stuck % 20 === 0){ cur = clone(best); curS = bestS; } }
  if (now - lastTraceT > 10s) push trace point
}
finalRepair(best) ; push final trace; return {solution: best, trace}
```

Note cur = cand directly (object) fine.

strength(frac, stuck): base = 0.02 + 0.05*frac? and grows with stuck: mult = 1 + Math.min(stuck,50)*0.06. cap 0.25. Additionally if (now-lastImpT > 45s) do extra strong kick (strength 0.2-0.4) and reset lastImpT to avoid thrash.

Deep dive every 25 iters from best: cand from best with modest perturb + long optimize (2.5s). Good intensification.

Also random restart config should get a long optimize (2.5s) — done via doRestart deep.

Edge: optimize endTime must respect global: endTime = min(endTime, t0 + TIME_LIMIT).

Guard: everything within try/catch? If something throws mid-run we lose everything (score 0). Wrap main loop body in try/catch, continue on error; wrap final in try/catch returning best safe. Yes — cheap insurance against runtime errors (e.g., NaN). Also validate best before return: run validate(circles) checking all constraints; if invalid (shouldn't happen), fall back to monotone aggressive repair; last resort: return a trivially valid config (26 circles tiny grid... e.g., 26 circles r=0.01 spaced?) — keep a guaranteed-valid fallback: incumbent repaired. I'll ensure finalRepair robust.

One more check on scoreOf: lpRadii requires centers distinct-ish; if two centers identical: dd=0 → capp = -eps → projection forces r<=negative → nonneg constraint sets 0 → then repairShrink fiddles floor 1e-9 → overlap need = r_i+r_j - (d - eps) = 2e-9 - (-3e-9)... final check loop shrinks to satisfy... could leave floor conflict; only in degenerate random restarts where two points coincide exactly — probability ~0. Guard randomConfig distinct random points. And candidates drifted coincident: shrink loop with floor cap handles (r_i floored 1e-9, other absorbs need; if other also below floor... extremely unlikely). Accept.

repairShrink "larger absorbs" detail: 
```
need = r[i]+r[j] - (d - eps)
if need>0:
  if r[i] >= r[j]: take = Math.min(need, r[i]-FLOOR); r[i]-=take; need-=take; take2=Math.min(need, r[j]-FLOOR); r[j]-=take2; // leftover ignored (d hopeless)
  else symmetric
```

Also cap iterations 300 and use eps_eff = 3e-9 in final, 2.5e-9 during search.

lpRadii eps: use same 2.5e-9 search / 3e-9 final.

But careful: scoreOf mutates circ radii to LP radii (feasible within 2.5e-9). Cur candidate keeps those radii for perturbation. Fine.

Now, does this stand a chance to EXCEED 2.635907462? The best attempt did similar. My differentiators: (a) exact LP radii (recovers what penalty loses), (b) structural moves (role swaps, cluster rotation, hole insertion), (c) ~10k candidate throughput, (d) SA acceptance for contact-graph exploration. Might get + small. Attempt 2 can refine with diagnostics from trace.

Additionally, add a periodically-run "exact KKT polish": given current best, solve the active-constraint Newton system? Let me skip; incumbent's basin is already exact-optimal per log.

Alright — also consider exploiting `params` better: if params contains trace info? Not needed.

Let me also think about the role-swap move properly: incumbent has specific radii distribution (?). Role swap between adjacent circles of different sizes changes contact graph — high value per log. Implement mode 1 as: pick circle i with below-median r, pick j among its 4 nearest neighbors with above-median r; swap radii (and swap a fraction of position? no, keep positions). Just swapping radii creates overlap for now-large i (its neighbors sized for small r) and slack around j — optimizer resolves into possibly new contact topology. Good.

Mode swap positions: pick two circles of similar r, swap (x,y). Contact graph preserved-ish but positions swapped — mild. Lower weight these.

Cluster rotation heavy: rotate by π/3-ish.

Also "compression wave": pick random direction unit u; push all circles by small amount along u weighted by (position dot u rank)? Meh skip.

Now write code. Ensure no const reassignment. Let me write it out.

Additional care: `energy` and `gradient` must agree on the SAME hinge definitions — yes.

Trial buffer: `const trial = []` filled with [0,0,0] arrays once in optimize.

In optimize accept branch: copy trial into circ (so circ object identity preserved for caller). Actually simpler: mutate circ in place only on accept: copy loop.

Optimize returns void; circ updated in place.

Let me also set dimension loops with cached indices.

Potential unit scaling of lr per variable type (positions vs radii both O(0.01-0.1)) — same lr fine with backtracking.

Also gradient magnitude can be huge at K=1e6 with violation 1e-3 (gradient ~ K*s = 1e3) → step lr must be ~1e-6 initially; backtracking from lr0=1e-3: ~10 halvings → fine, but every iteration's first trial overshoots? lr persistence helps: after stage entrains lr small. OK.

Momentum v accumulates gradient — with backtracking rejections resetting v to 0, stable.

Early termination of a K stage: if accepted steps small: track lastAcceptE vs E improvement per 200 iters < 1e-12 → break stage.

Also monitor optimizer NaN: if E is NaN (radius went NaN?), break out: check isFinite(E) else restore... simple: after computing Et, require isFinite(Et) && Et < E. And initial E maybe Infinity fine.

Random config:
```
function randomConfig(){
  const c = new Array(N);
  for i: x = 0.04+0.92*Math.random(), y similar, r = 0.02+0.02*rand? smaller 0.02;
  return c;
}
```

Cold start if no incumbent: best = randomConfig, optimize deep (with generous time 4s within limits), score.

Also to be safe about time-limit: TIME_LIMIT=540000, but also main loop checks every iteration (cheap Date.now call each ~50-100ms fine).

Final return shape: { solution: best.map(c=>[c[0],c[1],c[2]]), trace: trace }.

Deep-copy utilities.

Let me also incorporate a tiny "polish micro-refinement" using LP radii + contact-preserving position nudges? Skip.

Write perturb carefully:

```
function perturb(cand, strength){
  const mode = Math.random();
  if (mode < 0.30){
    // displace k circles individually
    const k = 1 + Math.floor(Math.random()*3);
    for (let t=0;t<k;t++){
      const i = Math.floor(Math.random()*N);
      const a = Math.random()*Math.PI*2;
      const m = strength*(0.3+Math.random());
      cand[i][0] += Math.cos(a)*m;
      cand[i][1] += Math.sin(a)*m;
    }
  } else if (mode < 0.48){
    // role swap: small <-> large neighbor radii
    // pick small circle
    let i = Math.floor(Math.random()*N);
    // find its nearest neighbors
    const nb = nearestIdx(cand, i, 5);
    // choose j maximizing |r_j - r_i|
    let j = nb[0]; let bestd = -1;
    for (...) if (Math.abs(cand[c][2]-cand[i][2]) > bestd) {...}
    swap radii: const tmp = cand[i][2]; cand[i][2]=cand[j][2]; cand[j][2]=tmp;
    // also slight nudge
  } else if (mode < 0.60){
    // swap positions of two random circles (radii stay with circle)
    pick i,j; swap x,y (full swap including radii = swap whole entries except index) — swap positions only.
  } else if (mode < 0.75){
    // cluster rotation
    const i = rand; const nb = [i] ∪ nearest 4-6; centroid of nb; rotate θ = (Math.random()<0.5?-1:1)*(0.3+Math.random()*1.2);
    for each in nb: rotate position.
  } else if (mode < 0.90){
    // hole insertion: move a (small) circle into largest sampled hole
    pick i among 6 smallest (random of them)
    sample 60 points; clearance; best point; move i there; set r_i = max(0.01, min(r_i, clearance))?? leave radii; just reposition.
  } else {
    // global compression wave / big kick: displace all by gaussian*strength*0.4
    for all i: cand[i][0]+=gauss()*strength*0.35; ... 
  }
}
```

nearestIdx: compute distances from i to others, partial selection of 5.

Rotation must also keep radii (positions change only). Note: rotating cluster around centroid changes pairwise distances among cluster members? Rotation is rigid → internal distances preserved! Only relationships to outside circles change. Nice — that's why it's a good move (ring rotation from AlphaEvolve).

Hole insertion: the moved circle's radius unchanged; hole found by sampling: clearance(p) = min(boundaryDist(p), min_j (d(p,c_j) - r_j)) ; choose max; move there. This can open structural changes — combined with role swap on the moved circle? fine as is.

After perturb, candidate may have crazy overlaps — optimize resolves.

Now, acceptance uses curS from scored cur (post-LP radii). Good.

One concern: optimize() with fixed number of iterations and Date-based deadline… small optimization: use performanceless Date.now fine.

trace: cap length? Improvements could be many (early). Thousands of entries fine. Push non-improvement every 10s.

Now, "score >= curS - 1e-15 || random < exp(...)" — careful T tiny late; exp((s-curS)/T) with s-curS negative big → exp(-huge)=0 fine; if s slightly less, chance. OK.

Additional intensification: when best improves, set cur=best and stuck=0 (done).

Also periodically: every 90 seconds since lastImpT → force restart cur=best with big perturb next iteration; simpler: if (Date.now()-lastImpWall > 90000){ stuck += 30 } to boost strength and encourage re-centering on best. Let me implement: strength uses stuck; and if (it%15==0 && now-lastImp>90s) cur=clone(best), curS=bestS.

Edge: optimize on cand with deep deadline must also check global limit: endGlobal = t0 + TIME_LIMIT; endTime = Math.min(now+slice, endGlobal - 800) to leave 0.8s for final repair.

Also scoreOf called after optimize — cheap.

Now the final repair & validation:

```
function finalRepair(circ){
  for i: clamp x into [2e-9+ ...]; actually:
    circ[i][0] = Math.min(Math.max(circ[i][0], 5e-9), 1-5e-9) ; same y
  const r = lpRadii(circ, 4e-9) — stricter margin;
  assign r to circ
  // exact check loop:
  for (let iter=0; iter<1000; iter++){
    let bad = 0;
    // bounds
    for i: for each of 4 bounds: capb - 2e-9; if r>cap → r=cap, bad++
    // pairs
    for pairs: lim = d - 2e-9; if r_i+r_j > lim: shrink (larger absorbs), bad++
    if (!bad) break;
  }
  // positivity
  ensure r>=1e-9? After shrink might go below... clamp r_i = Math.max(r_i, 1e-9)? risk overlap only in degenerate: accept.
  // final assert-style verify with slack > 0
}
```

Then compute finalScore and validate all constraints once more; if anything still violated → call again with bigger eps (loop escalation: eps *=2 up to 1e-6). Return valid config guaranteed.

Also the solution must have strictly positive radii — LP could return exactly 0 in degenerate cases for search candidates but best is healthy.

Now: is lpRadii correct that projection of M*ones maximizes the sum? Approx — minor suboptimality possible if normal cone doesn't contain direction 1 strictly... but combined with repair and the fact optimizer also sized radii well, fine.

Speed check of lpRadii: sweeps 1500 × 377 constraints... 1500 sweeps × 377 = 565k basic ops ≈ ~5-10ms per call! Called per candidate (~6000-10000) → 60-100s!! Too slow. Reduce: convergence threshold 1e-12 with early break — typical sweeps maybe 100-300 → 40-110k ops ≈ 1-3ms — still 10-30s over run. Acceptable-ish but let me optimize: score candidates WITHOUT LP first (just repairShrink on optimizer radii? that loses precision in acceptance decisions). Alternative: score with lpRadii but early-break at 1e-13; and only re-LP. Hmm.

Better: score = optimizer radii + exact repairShrink (fast: ~5 sweeps × 325 = 1.6k ops). The repairShrink from nearly-feasible optimizer radii loses tiny amount; acceptance slightly noisy vs LP-score but OK. Then when candidate IMPROVES best (rare), run lpRadii+repair to maximize before storing. But comparing LP-score of best vs repair-score of candidates is apples/oranges — candidates would need to beat a bigger number. Mixed scoring biases against candidates... 

Compromise: scoring = repairShrink-only (fast, deterministic lower bound), consistent for all; when accepting best, apply LP polish to best itself: if lpRadii(best) improves bestS, keep. Also periodically re-polish best with LP (every improvement does it). Candidate comparisons all on repair-score. LP polish on every candidate is the cleaner-but-slower option; let me measure: I could optimize lpRadii by convergence at 1e-12 and starting sweeps from optimizer radii?? Dykstra must start from M·ones for max-sum property... Starting from feasible r0 gives projection of r0 (≈ r0 since already feasible) — useless for max-sum. Keep from M·ones.

Alternative fast radii solve: since optimizer radii are already near a good vertex, do radii ASCENT: repeat sweeps: for each i in random order: grow r_i to min allowed; plus pairwise "rebalance": for tight pair (i,j) with r_i+r_j = d_ij, nothing to gain by transfer (sum same) UNLESS another constraint on j is binding... The true LP improvement requires duals. Skip: optimizer-radii + repairShrink is the consistent fast score; LP polish for best only. 

Hmm wait, but there's subtlety: optimizer radii after K=1e6 stage are near the max-sum vertex for current positions? The -Σr with penalty pushes radii up to the feasible face — yes, it lands near the LP optimum (that's the whole point). repairShrink then trims violations (~1e-7 loss at K=1e6… violation per constraint ~ g/K ~ 1e-6?? hmm: at convergence gradient ≈ 0 → for radii at active constraint: 1 = K·Σs_active·1 → Σs ≈ 1/K = 1e-6 per circle! Sum over 26 → residual ∈ overlaps total ~ 2.6e-5?! That's too much — repairShrink would trim ~2.6e-5 from sum. That's exactly the "Adam leaves 1e-4" failure!)

Fix: final K stage must be much larger (K=1e9 → residual 1e-9/circle) OR run LP polish per candidate. With K=1e9, energy landscape ratio big but starts near-converged from K=1e6; gradients still ~O(few); lr adapts. Let me set Ks = [1e2, 1e4, 1e6, 1e8] with 1e8 final stage short (400 iters). Residual ~1e-8/circle → repairShrink loss ~2.6e-7 (like the best runs' polish limit) — acceptable, cheap. And LP polish on best recovers the rest.

Actually better: make the FINAL stage of optimize use a different, exact method: exact-penalty ℓ1 (nonsmooth) at moderate weight w: E = -Σr + w·Σ max(0,-s). For w > 26? Exact penalty property: for w > max dual, minimizer = feasible constrained optimum (no residual violation!). The earlier failure with exact ℓ1 was oscillation around kink with fixed lr — but with backtracking line search GD, at the kink gradient jumps from ±1·w... hmm, at exact feasibility gradient is subgradient set containing 0? For exact penalty minimization: E = -Σr + wΣviol. At a feasible vertex with all duals < w, 0 ∈ ∂E → GD with backtracking converges: steps near optimum flip between sides... backtracking accepts only E decrease; near optimum, any step increases E → lr collapses → terminates at vertex. The oscillation issue was Adam-specific (momentum through kink). GD+backtracking handles nonsmooth okay-ish (converges to stationary; on piecewise-linear E, converges to local min if line search exact... our inexact might stall near but not at vertex).

Plan: stages K = [1e2, 1e4, 1e6] squared-hinge → then stage with ℓ1 penalty w=100, low lr — snaps to feasibility. Then repairShrink trims ~0 (already feasible at 1e-12). Loss ~0!

Gradient of ℓ1 stage: for violated s<0: c = w (constant). Everything else same as with c replaced. So energy2 and gradient with penalty type flag.

Let me include: after K-squared stages, run 2 ℓ1 stages w=50 then w=300. At w=300 > any dual (duals ~ O(1) for sum objective... dual λ <= 1 per constraint roughly since Σ_j λ_ij + μ_i = 1 box... yes λ∈[0,1]; w=300 way above → exact). 

Then acceptance scores are near-exact. LP polish still applied when best improves, for the last ~1e-9. Nice, this differentiates from failed Adam attempt.

ℓ1 stage behavior from overlapping initial config: w big pushes hard — fine due to staging.

One more consideration: optimize() time budget check `(it & 127)===0 && Date.now()>endTime` fine.

Scoring then: scoreOf(cand): repairShrink(cand radii, eps=2.5e-9) trimming ~1e-12 violations — loss ≈ 3e-11. basically exact. 

LP polish on best — keep lpRadii implementation with modest sweeps (converge 1e-12, cap 800) — used ≤ (number of improvements + periodic) times — fine.

Now I realize optimizing radii with -Σr inside energy plus walls: at optimum all good. OK.

Potential pitfall: with exact ℓ1 stage, feasible local min could have radii NOT at LP optimum (w finite, duals ≤1, w=300 → exact LP-equivalent locally: the minimizer of E over positions+radii = local optimum of constrained problem — exactly what we want.)

Now: cold-start schedule if no incumbent — randomConfig + long optimize ~ few seconds; loop continues. fine.

Also protect against `params` arrays having values as strings etc. — typeof number check present.

Time to write final code. Minimize fancy syntax. Also avoid `Math.hypot` (slower); use sqrt.

Also define EPSSEARCH=2.5e-9, EPSFINAL=4e-9 hmm verifier tolerance 1e-9; float error negligible; EPSFINAL=5e-9 to be extra safe, costs 26*1e-9*… = 2.6e-8 vs EPS 2.5e-9 cost sum-loss ~ 26×2.5e-9 = 6.5e-8 from theoretical max. Meh, scoring differences at 1e-7 level matter here!! The target gap is 7.6e-5 so 6.5e-8 doesn't decide. But to be careful: margin 3e-9 → total handicap ≈ 78e-9 = 7.8e-8. Tolerance is 1e-9 meaning violation up to -1e-9 is accepted?? "checked exactly (tolerance 1e-9)" — ambiguous direction; margin 2e-9 sits +2e-9 above constraint, ≥1e-9 away from any tolerance flip. Safe: EPSFINAL = 2e-9. Actually per-constraint rounding error ≤ ~1e-16·magnitudes ~ 1e-16; far below 1e-9. I'll use EPSFINAL=2.5e-9.

Hmm, the earlier invalid failure "9 overlapping pairs, worst by 2.00e-9" — they'd have passed with 2.5e-9 margin. Good.

Let me also double check energy/gradient sign consistency for boundary slack right: s = 1 - x_i - r_i; ∂s/∂x_i = -1 → g[3i] += c·(-1) = -c... In code I wrote: `g[3*i]-=c; g[3*i+2]-=c;` — for right bound: ∂E/∂x_i = K s · (-1) = -c; so add -c → g[3i] -= c ✓. ∂E/∂r_i = K s (-1) = -c → g[3i+2] -= c ✓. Left bound s = x_i - r_i: ∂s/∂x = 1 → += c ✓; ds/dr = -1 → g[3i+2] -= c ✓. Top/bottom same as x. Pairs: g[3i] += c·ux where c<0, ux points from j to i: gradient descent step x -= lr c ux → moves x_i along... -lr·c·ux = positive·ux → away from j ✓.

ℓ1 versions: c = w (positive constant!) for violated constraint. Then pair: g[3i+2] -= c? For hinge max(0,-s): ∂E/∂s = -w when s<0 → contribution ∂E/∂r_i = (-w)(-1) = +w → g[3i+2] += w → i.e., g[3i+2] -= (-w)?? Let me recompute generally: penalty P(s) with s<0: P = -w·s (positive). dP/ds = -w. ∂P/∂r_i = (-w)(ds/dr = -1) = +w → so g[3i+2] += w. ∂P/∂x_i = (-w)(ux) = -w·ux → g[3i] -= w·ux. Left bound: ∂P/∂x_i = -w; ∂P/∂r_i = +w. Right bound: ∂P/∂x_i = +w, ∂P/∂r_i = +w.

To reuse code paths, parametrize each constraint with derivative dc/ds: squared: K·s (negative); linear: -w. Then contributions: x_i += ds/dx · dP/ds etc. Let me restructure gradient to use cval = dP/ds (not K s). For squared: cval = K s. For linear: cval = -w. Then: g[3i+2] -= cval... check squared: earlier: g[3i+2] += -c where c=Ks → g[3i+2] -= cval ✓ (since cval=c). Pair x_i: g[3i] += cval·ux ✓. Left bound: g[3i] += cval ✓ (matches earlier). Right bound: g[3i] -= cval ✓. Good — same code, cval differs. energy similarly: pen += s<0 ? (squared? 0.5*K*s*s : -w*s) : 0.

Good, unified.

Stage definition: array of {type:'q', K:.., it:..} and {type:'l', w:.., it:..}.

Convergence per stage: stop when (a) lr < 1e-14, or (b) accepted-improvement over window < 1e-13·(1+|E|). Add windowing.

Also add tiny random perturbations INSIDE optimize when stuck? Not needed.

Now strength schedule & deep dives coded.

Also important: keep `cur` always scored: curS tracks scoreOf(cur) at assignment times.

Initial incumbent scoreOf + LP polish: 
```
if (inc): scoreOf(inc,true); then lpPolish best
```

lpPolish(best): r = lpRadii(best positions, 2.5e-9...), assign if sum improves (repaired). 

Code for lpPolish:
```
function lpPolish(circ){
  const r = lpRadii(circ, 2.5e-9);
  // repairShrink positions fixed
  shrinkExact(circ, r, 2.5e-9);
  let s = 0; for i s+=r[i];
  return {r:r, s:s} — then if s > scoreOfRadii(circ) apply.
}
```
Simplify: lpPolish applies if better and returns new sum.

Wait, careful: shrinkExact(circ, r, eps) mutates r array only, using positions in circ. then applying: circ[i][2] = r[i].

Also note LP radii could reallocate sum between circles changing contact graph dual — fine.

Random numbers: Math.random everywhere.

Main loop iteration structure set. Let me now write the whole code text, checking syntax mentally.

```js
export default function solve(params) {
  const t0 = Date.now();
  const TIME_LIMIT = 540000;
  const HARD_END = t0 + TIME_LIMIT;
  const N = 26;
  const V = 3 * N;
  const EPS_S = 2.5e-9;
  const trace = [];
  let lastTraceSec = -100;

  function clamped(v, lo, hi){ return v < lo ? lo : (v > hi ? hi : v); }

  function clone(c){
    const b = new Array(N);
    for (let i=0;i<N;i++){ const a=c[i]; b[i]=[a[0],a[1],a[2]]; }
    return b;
  }

  function extract(obj, depth){
    if (!obj || depth > 5) return null;
    if (Array.isArray(obj)){
      if (obj.length === N){
        let ok = true;
        for (let i=0;i<N;i++){
          const e = obj[i];
          if (!Array.isArray(e) || e.length < 3 || typeof e[0] !== 'number' || typeof e[1] !== 'number' || typeof e[2] !== 'number'){ ok=false; break; }
        }
        if (ok) return obj;
      }
      const L = Math.min(obj.length, 40);
      for (let i=0;i<L;i++){ const r = extract(obj[i], depth+1); if (r) return r; }
      return null;
    }
    if (typeof obj === 'object'){
      for (const k in obj){ const r = extract(obj[k], depth+1); if (r) return r; }
    }
    return null;
  }

  function penVal(s, type, w){
    if (s >= 0) return 0;
    return type === 0 ? 0.5*w*s*s : -w*s;
  }
  function penDer(s, type, w){
    if (s >= 0) return 0;
    return type === 0 ? w*s : -w;
  }

  function energy(c, type, w){
    let E = 0, pen = 0;
    for (let i=0;i<N;i++){ E -= c[i][2]; }
    for (let i=0;i<N;i++){
      const ci = c[i]; const xi=ci[0], yi=ci[1], ri=ci[2];
      pen += penVal(xi-ri, type, w);
      pen += penVal(1-xi-ri, type, w);
      pen += penVal(yi-ri, type, w);
      pen += penVal(1-yi-ri, type, w);
      for (let j=i+1;j<N;j++){
        const cj=c[j];
        const dx=xi-cj[0], dy=yi-cj[1];
        const d=Math.sqrt(dx*dx+dy*dy);
        pen += penVal(d-ri-cj[2], type, w);
      }
    }
    return E + pen;
  }
```
Note penVal returns 0.5w s²; and factor: previously E = -Σr + (K/2)s² ✓ matches (w=K). ℓ1: -w*s with s<0 → positive ✓.

```js
  function gradient(c, type, w, g){
    for (let k=0;k<V;k++) g[k]=0;
    for (let i=0;i<N;i++){
      const ci=c[i]; const xi=ci[0], yi=ci[1], ri=ci[2];
      const i3=3*i;
      g[i3+2] -= 1;
      let cv;
      cv = penDer(xi-ri, type, w); if (cv!==0){ g[i3]+=cv; g[i3+2]-=cv; }
      cv = penDer(1-xi-ri, type, w); if (cv!==0){ g[i3]-=cv; g[i3+2]-=cv; }
      cv = penDer(yi-ri, type, w); if (cv!==0){ g[i3+1]+=cv; g[i3+2]-=cv; }
      cv = penDer(1-yi-ri, type, w); if (cv!==0){ g[i3+1]-=cv; g[i3+2]-=cv; }
      for (let j=i+1;j<N;j++){
        const cj=c[j];
        const dx=xi-cj[0], dy=yi-cj[1];
        const d2=dx*dx+dy*dy;
        if (d2 < 1e-24){
          // coincident: only radius derivative matters; add a push in random direction
          const sp = -ri - cj[2];
          const cv2 = penDer(sp, type, w);
          if (cv2!==0){
            g[i3+2]-=cv2; g[3*j+2]-=cv2;
            const ang = (i*7+j*13)%6.283185307179586;
            g[i3]   -= cv2*Math.cos(ang); g[i3+1] -= cv2*Math.sin(ang);
            g[3*j]  += cv2*Math.cos(ang); g[3*j+1] += cv2*Math.sin(ang);
          }
          continue;
        }
        const d=Math.sqrt(d2);
        const sp=d-ri-cj[2];
        const cv2=penDer(sp, type, w);
        if (cv2!==0){
          const j3=3*j;
          g[i3+2]-=cv2; g[j3+2]-=cv2;
          const ux=dx/d, uy=dy/d;
          g[i3]+=cv2*ux; g[i3+1]+=cv2*uy;
          g[j3]-=cv2*ux; g[j3+1]-=cv2*uy;
        }
      }
    }
  }
```

Check ℓ1 pair sign again: cval = penDer = -w. g[i3+2] -= cval → += w ✓ (as derived). g[i3] += cval*ux = -w·ux ✓ matches ∂P/∂x_i = -w·ux. ✓. Coincident case: I added push: for pair x-gradient: g[i3] -= cv2*cos → with cv2=-w → g[i3] += w·cos?? Hmm inconsistent sign vs normal case: normal: g[i3] += cval·ux = -w·ux; descent moves x_i by -lr·g = +lr·w·ux, i.e., away from j along ux (ux points from j to i). For coincident, want push along some direction: treat ux_eff = cos(ang) meaning direction "from j to i" → i should get g[i3] += cval·ux_eff = -w·cos, j gets +w·cos? Normal code: g[j3] -= cval·ux = +w·ux; so for coincident mirror: g[i3] -= cv2*cos? With cv2=-w: g[i3] += w·cos — WRONG sign vs -w·cos. Let me redo: want g[i3] = cval·ux_eff = cv2·cos, g[j3] = -cv2·cos. So code should be:
```
g[i3] += cv2*Math.cos(ang); g[i3+1] += cv2*Math.sin(ang);
g[3*j] -= cv2*Math.cos(ang); g[3*j+1] -= cv2*Math.sin(ang);
```
I wrote it backwards in the draft — fix in final.

```js
  function optimize(c, endTime, quick){
    const g = new Float64Array(V);
    const stages = quick
      ? [[0,1e2,450],[0,1e4,500],[0,1e6,500],[1,60,300],[1,400,300]]
      : [[0,1e2,900],[0,1e4,1100],[0,1e6,1100],[1,60,700],[1,400,700]];
    const trial = new Array(N);
    for (let i=0;i<N;i++) trial[i]=[0,0,0];
    const v = new Float64Array(V);
    for (let s=0;s<stages.length;s++){
      const type=stages[s][0], w=stages[s][1], maxIt=stages[s][2];
      v.fill(0);
      let lr = 1e-3;
      let E = energy(c, type, w);
      let windowStartE = E;
      let itWindow = 0;
      for (let it=0; it<maxIt; it++){
        if ((it & 127) === 0 && Date.now() > endTime) return;
        gradient(c, type, w, g);
        let gmax = 0;
        for (let k=0;k<V;k++){ const a=Math.abs(g[k]); if (a>gmax) gmax=a; v[k]=0.9*v[k]+g[k]; }
        if (gmax < 1e-11) break;  // hmm for ℓ1 gradient never < w... remove? keep: means fully feasible & stationary
        let accepted = false;
        for (let ls=0; ls<24; ls++){
          for (let i=0;i<N;i++){
            const i3=3*i, ci=c[i], ti=trial[i];
            ti[0]=ci[0]-lr*v[i3]; ti[1]=ci[1]-lr*v[i3+1]; 
            let nr=ci[2]-lr*v[i3+2]; if (nr<1e-7) nr=1e-7; else if (nr>0.5) nr=0.5;
            ti[2]=nr;
            if (ti[0]<-0.3) ti[0]=-0.3; else if (ti[0]>1.3) ti[0]=1.3;
            if (ti[1]<-0.3) ti[1]=-0.3; else if (ti[1]>1.3) ti[1]=1.3;
          }
          const Et = energy(trial, type, w);
          if (isFinite(Et) && Et < E - 1e-16){
            for (let i=0;i<N;i++){ const ci=c[i], ti=trial[i]; ci[0]=ti[0]; ci[1]=ti[1]; ci[2]=ti[2]; }
            E = Et; lr *= 1.35; accepted = true; break;
          }
          lr *= 0.5;
          if (lr < 1e-14) break;
        }
        if (!accepted){ v.fill(0); if (lr<1e-14) break; }
        // window stagnation check
        itWindow++;
        if (itWindow >= 150){
          if (windowStartE - E < 5e-12*(1+Math.abs(E))) { /* little progress */ 
            // only break stage if very small gradient or nearly feasible tiny energy drop
            if (windowStartE - E < 5e-13) break;
          }
          windowStartE = E; itWindow=0;
        }
      }
    }
  }
```

Hmm the window-stagnation logic: I'll simplify: track bestE window; if improvement in 150 iters < 1e-12 → break stage. But careful early on improvement large. Fine:

```
if (itWindow>=150){ if (windowStartE - E < 1e-12) break; windowStartE=E; itWindow=0; }
```

But wait — for ℓ1 stages, when fully feasible, energy improvement per window could dip below 1e-12 while still making position progress? If E doesn't improve, sum not increasing... break is right. But there's a subtlety: E improvement IS what we maximize; plateau → move on. OK.

Also `gmax < 1e-11` break: at fully feasible config (no violations), gradient = -Σr part: g[i3+2] -= 1 → gmax ≥ 1. Never breaks. Remove that check or keep harmless. Keep harmless (feasible case gmax≥1 → no effect). Actually wasted condition; fine.

lr0 per stage: for ℓ1 stage w=400, gradient components ~ multitudes of w → up to ~400·(few constraints) ~1e3, first trial E explodes → backtracking shrinks. lr persists across iterations adapting. OK.

Now shrinkExact:

```js
  function shrinkExact(c, r, eps){
    // boundary
    for (let i=0;i<N;i++){
      const ci=c[i];
      let cap = Math.min(ci[0], 1-ci[0], ci[1], 1-ci[1]) - eps;
      if (r[i] > cap) r[i] = cap;
      if (r[i] < 1e-9) r[i] = 1e-9;
    }
    for (let iter=0; iter<400; iter++){
      let bad = false;
      for (let i=0;i<N;i++){
        const ci=c[i];
        for (let j=i+1;j<N;j++){
          const cj=c[j];
          const dx=ci[0]-cj[0], dy=ci[1]-cj[1];
          const d=Math.sqrt(dx*dx+dy*dy);
          const lim = d - eps;
          const need = r[i]+r[j]-lim;
          if (need > 0){
            bad = true;
            let take;
            if (r[i] >= r[j]){
              take = Math.min(need, r[i]-1e-9); r[i]-=take; 
              const rem = need-take; if (rem>0) r[j]=Math.max(1e-9, r[j]-rem);
            } else {
              take = Math.min(need, r[j]-1e-9); r[j]-=take;
              const rem = need-take; if (rem>0) r[i]=Math.max(1e-9, r[i]-rem);
            }
          }
        }
      }
      if (!bad) break;
    }
    return r;
  }
```

Wait — Math.min(a,b,c,d) with 4 args fine.

Edge: cap could be < 1e-9 (center within eps of wall) → r=cap could be <1e-9 or negative → then floor to 1e-9 but boundary violated by up to (1e-9-cap). Final validation catches; centers clamped beforehand to >=5e-9 so cap >= 5e-9-eps > 1e-9. Ensure scoreOf clamps centers first:

```js
  function clampCenters(c){
    for (let i=0;i<N;i++){
      c[i][0]=clamped(c[i][0], 5e-9, 1-5e-9);
      c[i][1]=clamped(c[i][1], 5e-9, 1-5e-9);
    }
  }
```

scoreOf:

```js
  function scoreOf(c){
    clampCenters(c);
    const r = new Float64Array(N);
    for (let i=0;i<N;i++) r[i]=c[i][2];
    shrinkExact(c, r, EPS_S);
    let s=0;
    for (let i=0;i<N;i++){ c[i][2]=r[i]; s+=r[i]; }
    return s;
  }
```

lpRadii:

```js
  function lpRadii(c, eps){
    const r = new Float64Array(N);
    for (let i=0;i<N;i++) r[i]=0.6;
    const NPairs = N*(N-1)/2;
    const capp = new Float64Array(NPairs);
    {
      let p=0;
      for (let i=0;i<N;i++){
        const xi=c[i][0], yi=c[i][1];
        for (let j=i+1;j<N;j++){
          const dx=xi-c[j][0], dy=yi-c[j][1];
          capp[p]=Math.sqrt(dx*dx+dy*dy)-eps; p++;
        }
      }
    }
    const capb = new Float64Array(N);
    for (let i=0;i<N;i++){
      capb[i]=Math.min(c[i][0],1-c[i][0],c[i][1],1-c[i][1])-eps;
    }
    const pci=new Float64Array(NPairs), pcj=new Float64Array(NPairs);
    const cb=new Float64Array(N), cn=new Float64Array(N);
    let p, i, j;
    for (let sweep=0; sweep<900; sweep++){
      let maxCh=0;
      p=0;
      for (i=0;i<N;i++){
        for (j=i+1;j<N;j++){
          const y0i=r[i]+pci[p], y0j=r[j]+pcj[p];
          const ex=y0i+y0j-capp[p];
          let ni=y0i, nj=y0j;
          if (ex>0){ ni=y0i-ex/2; nj=y0j-ex/2; }
          pci[p]=y0i-ni; pcj[p]=y0j-nj;
          const chi=Math.abs(ni-r[i]), chj=Math.abs(nj-r[j]);
          if (chi>maxCh) maxCh=chi; if (chj>maxCh) maxCh=chj;
          r[i]=ni; r[j]=nj;
          p++;
        }
      }
      for (i=0;i<N;i++){
        let y0=r[i]+cb[i];
        let ny = y0 > capb[i] ? capb[i] : y0;
        cb[i]=y0-ny; r[i]=ny;
        if (Math.abs(y0-ny)>maxCh) {} // change tracked anyway below
      }
      for (i=0;i<N;i++){
        let y0=r[i]+cn[i];
        let ny = y0 < 0 ? 0 : y0;
        cn[i]=y0-ny; r[i]=ny;
      }
      if (maxCh<1e-13) break;
    }
    return r;
  }
```

maxCh tracking only pair updates misses bound/nonneg change magnitude — those converge similarly; minor. Add their change into maxCh properly:
```
const ch = Math.abs(ny - (y0 - corrBefore)) hmm...
```
Simpler: compute maxCh from r changes: need old r[i]. In bound loop: `const old = r[i]; ... r[i]=ny; ch=|ny-old|`. Let me write that way. Same nonneg.

lpPolish:

```js
  function lpPolish(c){
    clampCenters(c);
    const r = lpRadii(c, EPS_S);
    shrinkExact(c, r, EPS_S);
    let s=0;
    for (let i=0;i<N;i++){ c[i][2]=r[i]; s+=r[i]; }
    return s;
  }
```

perturb as planned; nearest:

```js
  function nearestIdx(c, i, m){
    const d = [];
    for (let j=0;j<N;j++){ if (j!==i){ const dx=c[i][0]-c[j][0], dy=c[i][1]-c[j][1]; d.push([dx*dx+dy*dy, j]); } }
    d.sort(function(a,b){return a[0]-b[0];});
    const out=[];
    for (let k=0;k<Math.min(m,d.length);k++) out.push(d[k][1]);
    return out;
  }
```

perturb:

```js
  function perturb(c, strength){
    const u = Math.random();
    if (u < 0.28){
      const k=1+Math.floor(Math.random()*3);
      for (let t=0;t<k;t++){
        const i=Math.floor(Math.random()*N);
        const a=Math.random()*6.283185307179586;
        const m=strength*(0.25+Math.random());
        c[i][0]+=Math.cos(a)*m; c[i][1]+=Math.sin(a)*m;
      }
    } else if (u < 0.47){
      // role swap with neighbor
      const i=Math.floor(Math.random()*N);
      const nb=nearestIdx(c,i,5);
      let j=nb[0], bd=-1;
      for (let q=0;q<nb.length;q++){ const dd=Math.abs(c[nb[q]][2]-c[i][2]); if (dd>bd){bd=dd;j=nb[q];} }
      const tmp=c[i][2]; c[i][2]=c[j][2]; c[j][2]=tmp;
    } else if (u < 0.60){
      // swap positions of two circles
      const i=Math.floor(Math.random()*N);
      let j=Math.floor(Math.random()*N); if (j===i) j=(j+1)%N;
      const tx=c[i][0], ty=c[i][1];
      c[i][0]=c[j][0]; c[i][1]=c[j][1]; c[j][0]=tx; c[j][1]=ty;
    } else if (u < 0.76){
      // rotate a local cluster rigidly
      const i=Math.floor(Math.random()*N);
      const sz=3+Math.floor(Math.random()*4);
      const nb=nearestIdx(c,i,sz); nb.push(i);
      let cx=0, cy=0;
      for (let q=0;q<nb.length;q++){ cx+=c[nb[q]][0]; cy+=c[nb[q]][1]; }
      cx/=nb.length; cy/=nb.length;
      const th=(Math.random()<0.5?-1:1)*(0.25+Math.random()*1.3);
      const co=Math.cos(th), si=Math.sin(th);
      for (let q=0;q<nb.length;q++){
        const k=nb[q];
        const dx=c[k][0]-cx, dy=c[k][1]-cy;
        c[k][0]=cx+dx*co-dy*si;
        c[k][1]=cy+dx*si+dy*co;
      }
    } else if (u < 0.90){
      // move one circle to the best sampled hole
      let i=Math.floor(Math.random()*N);
      if (Math.random()<0.5){
        // choose among smaller circles
        let bi=-1, br=1e9;
        for (let t=0;t<6;t++){ const q=Math.floor(Math.random()*N); if (c[q][2]<br){br=c[q][2]; bi=q;} }
        i=bi;
      }
      let bx=c[i][0], by=c[i][1], bc=-1e9;
      for (let s=0;s<70;s++){
        const px=0.02+0.96*Math.random(), py=0.02+0.96*Math.random();
        let cl=Math.min(px,1-px,py,1-py);
        for (let j=0;j<N;j++){
          if (j===i) continue;
          const dx=px-c[j][0], dy=py-c[j][1];
          const dd=Math.sqrt(dx*dx+dy*dy)-c[j][2];
          if (dd<cl) cl=dd;
        }
        if (cl>bc){ bc=cl; bx=px; by=py; }
      }
      c[i][0]=bx; c[i][1]=by;
    } else {
      // global jitter kick
      const mag=strength*0.5;
      for (let i=0;i<N;i++){
        c[i][0]+=(Math.random()+Math.random()+Math.random()-1.5)*mag;
        c[i][1]+=(Math.random()+Math.random()+Math.random()-1.5)*mag;
      }
    }
  }
```

randomConfig:

```js
  function randomConfig(){
    const c=new Array(N);
    for (let i=0;i<N;i++){
      c[i]=[0.04+0.92*Math.random(), 0.04+0.92*Math.random(), 0.02];
    }
    // quick resolve of gross coincidences handled by optimizer
    return c;
  }
```

finalRepair:

```js
  function finalRepair(c){
    clampCenters(c);
    let eps = EPS_S;
    for (let attempt=0; attempt<6; attempt++){
      const r = lpRadii(c, eps);
      shrinkExact(c, r, eps);
      for (let i=0;i<N;i++) c[i][2]=r[i];
      if (validate(c)) return true;
      eps *= 3;
    }
    return validate(c);
  }

  function validate(c){
    for (let i=0;i<N;i++){
      const ci=c[i];
      if (!(ci[2] > 0)) return false;
      if (ci[0]-ci[2] < 1e-12) return false;
      if (1-ci[0]-ci[2] < 1e-12) return false;
      if (ci[1]-ci[2] < 1e-12) return false;
      if (1-ci[1]-ci[2] < 1e-12) return false;
      for (let j=i+1;j<N;j++){
        const dx=ci[0]-c[j][0], dy=ci[1]-c[j][1];
        const d=Math.sqrt(dx*dx+dy*dy);
        if (d-(ci[2]+c[j][2]) < 1e-12) return false;
      }
    }
    return true;
  }
```

validate requires slack > 1e-12 strictly positive — good (we target 2.5e-9 slack so passes).

If finalRepair fails validation repeatedly (degenerate), fallback extreme: shrink all radii to uniform small feasible: set all r=1e-4?? positions might overlap pairwise < 2e-4... Make ultimate fallback: place circles on a grid! Guaranteed valid fallback config: 26 circles arranged 5×6 grid, r small: spacing s=1/6, centers at (k+0.5)/6... 30 slots pick 26, r = 0.5/6 - margin ≈ 0.083? r = 0.5/6·(1-1e-6)... sum = 26·0.0833=2.166 weak but valid. Only as last resort.

Main flow:

```js
  let best = null, bestS = -1;
  const inc = extract(params, 0);
  if (inc){
    best = [];
    for (let i=0;i<N;i++) best.push([inc[i][0], inc[i][1], inc[i][2]]);
    finalRepair(best); // ensure valid start
    bestS = scoreOf(best);
    let s2 = lpPolish(best);
    if (s2 > bestS) bestS = s2;
  } else {
    best = randomConfig();
    optimize(best, Math.min(Date.now()+4000, HARD_END-1000), false);
    bestS = scoreOf(best);
    const s2 = lpPolish(best);
    if (s2>bestS) bestS=s2;
  }
  trace.push([0, +bestS.toFixed(9)]);
  let cur = clone(best), curS = bestS;
  let stuck = 0, it = 0;
  let lastImp = Date.now();
  while (true){
    it++;
    const nowT = Date.now();
    if (nowT > HARD_END - 1500) break;
    const frac = (nowT - t0)/TIME_LIMIT;
    const T = 6e-5*Math.pow(0.004, Math.min(frac,1));  // ends ~ 2.4e-7
    let cand;
    const doRestart = (it % 45 === 0 && Math.random() < 0.5);
    const doDeep = (it % 20 === 0);
    if (doRestart){ cand = randomConfig(); }
    else {
      cand = clone(cur);
      const strength = Math.min(0.22, (0.02+0.06*frac)*(1+Math.min(stuck,60)*0.05));
      perturb(cand, strength);
    }
    const slice = doRestart ? 2600 : (doDeep ? 1400 : 150);
    optimize(cand, Math.min(Date.now()+slice, HARD_END-1500), !doDeep && !doRestart);
    const s = scoreOf(cand);
    if (s > bestS + 5e-13){
      const sOld = bestS;
      bestS = s; best = clone(cand);
      const sp = lpPolish(best);
      if (sp > bestS){ bestS = sp; }
      cur = clone(best); curS = bestS;
      stuck = 0; lastImp = Date.now();
      trace.push([+((Date.now()-t0)/1000).toFixed(2), +bestS.toFixed(9)]);
    } else if (s >= curS || Math.random() < Math.exp((s-curS)/T)){
      cur = cand; curS = s; stuck++;
    } else {
      stuck++;
      if (stuck % 18 === 0){ cur = clone(best); curS = bestS; }
    }
    if (Date.now() - lastImp > 90000 && it % 10 === 0){
      cur = clone(best); curS = bestS; stuck += 12; lastImp = Date.now(); // strong re-kick around best
    }
    if ((Date.now()-t0)/1000 - lastTraceSec >= 10){
      lastTraceSec = (Date.now()-t0)/1000;
      trace.push([+lastTraceSec.toFixed(2), +bestS.toFixed(9)]);
    }
  }
  finalRepair(best);
  trace.push([+((Date.now()-t0)/1000).toFixed(2), +bestS.toFixed(9)]);
  return { solution: best, trace: trace };
```

Wrap per-iteration body in try/catch to avoid catastrophic throw.

Also lpPolish could make best invalid? It clamps, LP with margin, shrinkExact — should remain valid; finalRepair at end guarantees.

Hmm — one concern: `optimize` (quick) with slice 150ms but stage iteration caps maybe finish sooner (450+500+500+300+300 = 205可能是因为0 iters × ~25µs ≈ 50ms). Good: early break on stagnation. ~50-70ms per candidate → ≈ 8000-10000 candidates in 540s minus deep slices (~1/20 × 1400ms ≈ +63ms avg per 20 → actually deep every 20 iters → extra ~1.3s per 20 iters ≈ 20% overhead). ≈ 6000+ candidates. 

Tuning: acceptance temp T0=6e-5 seems reasonable vs typical candidate deltas (within-basin噪声 ~1e-6..1e-5 improved/perturbed worse by ~1e-4-1e-3). exp(-1e-4/6e-5)=0.19 — okay; late T=2.4e-7 → only near-improvements accepted. Good.

Reconsider: after role-swap perturb, optimize with only ~50ms might not fully re-converge → score underestimates → rejected unfairly. Mitigation: quick stages iterate more (say 450/500/500/300/300 as set) — near-converged typically. Deep every 20th uses 4.5k+1.4k iters (~150ms+? iteration ~25µs → 150ms). Hmm quick=50ms, deep=150ms? Let me set deep slice 1200ms quick 120ms; itPer quick stages (500,600,600,350,350)=2400 iters ≈ 60ms. OK.

Also `s >= curS` acceptance ensures non-worsening moves taken (random walk plateaus). Fine.

I think this is a solid first attempt — robust, self-checking, time-guarded, with the differentiator (exact ℓ1 final stages + LP polish + structural moves). Write it fully and carefully now. Also verify no `const` reassignment, no undeclared vars (avoid strict-mode issues — module scope is strict: all assigned variables must be declared!). Watch: in lpRadii I use `let p, i, j;` declared. In other loops always `let`.

One more scan of gradient: `penDer` returns 0 when s>=0 → skip — consistent with hinge (subgradient 0 at s=0 OK). energy matches.

In optimize, trial radius clamp 1e-7..0.5 — with heavy mutations fine. Also radius can get stuck at floor 1e-7 for degenerate; fine.

Memory churn: scoreOf allocates Float64Array each call — fine (~10k allocations).

One risk: infinite while(true) with break conditions inside; also add iteration cap it > 1e7 break.

Potential improvement — record also a SECOND tier archive of distinct local minima to hop between (diversity). Add later if revisions.

Also make sure `extract` isn't fooled by `trace` arrays inside params (if params contains trace of [t, score] pairs of length 2 — length<3 excluded ✓; solution arrays length-26-of-3 only ✓). But what if params.solution entries are length-3 but params also contains e.g. array of 26 somethings else of length ≥3 numbers [x,y,r]? acceptable.

What if params itself is the array (most likely per problem statement "If you are given a starting packing")? handled.

Also consider: maybe params = { packing: [...] } or { start: ... } — recursion covers.

Write the code now, final check pass for syntax as I go. Also avoid `Array.prototype.fill` on typed arrays? Float64Array.fill exists ✓.

Also `Math.signbit`? not needed.

Let me also double-check the optimization of the ℓ1 stage gradient magnitude for gmax break check (I removed effectively). Fine.

Potential subtle bug: in optimize, after stage switch v.fill(0) ✓; lr reset 1e-3 ✓.

In optimize acceptance, `Et < E - 1e-16`: for ℓ1 with exact feasible point, E could be at local min where no step improves → rejects → v reset, lr shrinks → break. Good termination.

Also add: after optimize completes for candidate, clampCenters implicitly at scoreOf.

Edge in scoreOf: shrinkExact might set some r to floor 1e-9 in degenerate restarts; s small → just rejected.

Also possible NaN propagation: if c gets NaN (e.g., lr huge*g huge → ti NaN? ti clamped for r but positions clamp ±0.3 bounds only after compute; -lr*v could be -inf? v finite, lr ≤1e-3·1.35^k bounded ~ maybe 1e-1? lr could grow: lr *= 1.35 per accept with no cap! Over thousands of accepts lr → large; but each trial rejects when too big (E worse) → lr self-limits. Still cap lr at 0.05 for safety: if (lr>0.05) lr=0.05 after growth.

NaN guard in energy returns NaN → Et rejected (isFinite check) ✓. But E itself could become NaN if initial c has NaN — randomConfig/incumbent fine.

One more: `energy` when d=0 (coincident): d-ri-rj negative, penVal fine, no NaN (no division). ✓ gradient handles d2<1e-24 specially. ✓

Double-check the coincident gradient fix (I noted sign error): implement as g[i3] += cv2*cos(ang) etc. and g[j3] -= cv2*cos(ang). With cv2 = -w (ℓ1): g[i3] += -w·cos → descent moves i along +cos direction away; j opposite. ✓ For squared: cv2 = K·s<0 consistent same as normal branch form ✓.

Also ensure penetration in shrinkExact of negative-cap boundaries: capb maybe negative → r[i]=cap (negative!) then floor 1e-9 → boundary violated → validate fails on incumbent?? incumbent is a valid packing; but scores of degenerate configs might validate-fail — they're just low-scoring candidates, no validation applied mid-search (validate only at end on best). best never degenerate (starts valid, only replaced by higher score). ✓

Also: scoreOf mutates cand's radii to repaired values — but `best = clone(cand)` after s > bestS — uses those radii ✓.

Final answer uses best which underwent finalRepair — radii possibly changed by finalRepair (lp with eps escalation) — should equal already; recompute: finalRepair doesn't need to return score.

One more: trace entries need secondsElapsed — number seconds ✓.

Also, initial incumbent might already be at 2.635907462; our optimize won't degrade since we keep best. ✓ (scoreOf(inc) vs final repaired ≈ same.)

Now about beating 2.635907462: throughput ~6-10k structural candidates with exact local optimizer is the best shot. Good.

Also — set `for (const k in obj)` — const in for-in fine.

Careful: `const sp` inside loop redeclared? In gradient I declared `const sp=...` inside loop — block-scoped ✓; also `const cv2` inside the small d2<1e-24 block and outer — distinct blocks ✓. In validate loops declare inside ✓.

Write final code. Also add small utility rnd symmetric.

Let me also reconsider slice for quick: 150ms vs iteration-derived ~60ms → optimize returns on iteration cap mostly; deadline only as guard ✓.

Let me also add a mid-run safeguard: if bestS ever becomes NaN → reset from incumbent? Not needed realistically.

One more feature for structural diversity cheaply: maintain `elite` array of up to 8 distinct high-scoring configs (bestS within 3e-4). When stuck long, hop from a random elite. Implement lightweight: on every improvement, push clone into elite (uniq by rough position hash? just cap size, replace lowest scorer). Hop: if (it%30===0&&elite.length>1&&Math.random()<0.3) cur=clone(random elite), curS=its score. Cheap diversity. Include.

I think we're ready to write. Also remember: NO comments needed per instructions ("Skip comments and prose") — keep minimal comments for my own clarity? "Skip comments and prose; spend every line on the optimisation itself." I'll keep code comment-free mostly.

Line by line self-check will be in the ANALYSIS before the code; do the trace-one-iteration check there.

Wait, one more consideration on lpRadii initial 0.6 and capb[i]-eps: fine.

Also potential Dykstra slow convergence when constraints near-degenerate (e.g., three mutually tight) — 900 sweeps cap fine (~900×377=340k ops ≈ 3-4ms worst). lpPolish called on improvements only (≤ few hundred times) ✓.

Hmm also `shrinkExact` iterates 400 × 325 pairs = 130k ops worst — called per candidate ... typically converges iter 1-3 since violations ~1e-9. Actually after optimize (ℓ1 exact stage) violations ~0; shrinkExact does ONE full pair scan with bad=false → break after 1 iteration = 325 ops ✓ fast.

Let me also confirm the acceptance `s >= curS || rand < exp((s-curS)/T)` with s-curS possibly 0 → fine.

Deep dive uses `cur` clone too (perturb applied) ✓ (moderate strength since stuck small after improvements).

Restart configs: randomConfig has r=0.02 all; optimize 2600ms & stages... quick=false gives iteration caps (900+1100+1100+700+700=4500 ≈ 110ms) — deadline 2600ms not binding. Fine (restart only ~1/45 iterations → ~1-2% time).

Actually make restarts more useful: run TWO optimize passes with a mid perturb? Skip.

Also: `doRestart` probability: it%45===0 && random<0.5 → ~1.1% of iters.

Edge: `optimize` early-return when Date.now()>endTime mid-stage — partial state fine.

Final check of `optimize` trial clamps: positions clamp [-0.3,1.3]; r clamp [1e-7,0.5] ✓.

Now, note the initial `trace.push([0, bestS])` — good.

Alright, also calculate expected score: if incumbent ~2.635907 then we return ≥ that (best-init). Chance to exceed with 8k structural hops — plausible +1e-5..1e-6; beating target 2.635983 unlikely in attempt 1 but establishes baseline + trace for refinement. Go.

For the ANALYSIS I must include DIAGNOSIS, TECHNIQUE, PLAN, AVOID, SELF-CHECK, then the code, then call test_my_code().

Self-check items to trace:
- gradient vs energy consistency (done above with sign derivations, incl. boundary-right and coincident).
- optimize loop: E decreases each accepted step; E corresponds to -Σr + penalties → minimizing E increases Σr when feasible ✓.
- scoreOf monotone shrink keeps validity ✓.
- main loop: best only replaced by higher repaired score ✓ best always valid (finalRepair also at end) ✓.
- time guards: HARD_END-1500ms buffer; optimize inner checks every 128 iters; main loop checks each iteration; scoreOf/lpPolish are ms-scale ✓.
- no const reassign checked; module strict mode: all loop vars declared with let ✓.
- Functions defined before use at call time (function declarations hoisted anyway since using `function` keyword) ✓.

========================================================================
EVAL 1  round 2/15  proposing  2026-08-22T21:20:49.679Z
========================================================================


========================================================================
job 820dcf34  dropstone-heavy  2026-08-22T21:20:51.558Z
========================================================================
Let me analyze what actually happened.

The trace is very revealing:
- 0.0s: 2.620592502 — the "incumbent start" scored only 2.6206, NOT 2.635907462.
- Then the search climbed to 2.635763388 by 315.8s and stalled.

Key insight: **no incumbent was actually received**. The initial score at t=0 was 2.620592502 — that's the value after a ~4-second optimize from a random config (my no-incumbent branch). If the incumbent 2.635907462 had been provided, the t=0 score would have matched it. So `extract(params)` returned null — params did not contain a starting packing (or was in an unexpected shape). My assumption "we start from the incumbent" was wrong.

So the program demonstrated a genuine **from-scratch search reaching 2.635763388 in 316s** — actually quite good (that's better than most multi-start attempts in the log aside from the top one, and it did it from random). The gap to incumbent: 2.635907462 − 2.635763388 = 0.000144, and to target 0.00022.

Now, where did time go? The trace shows plateaus:
- 110.2s → 2.634236516 held until ~316s (over 200s flat!)
- 316s → 2.635763388 held to end (~222s flat)

Two huge ~200s plateaus. That's the wasted budget. The SA temperature schedule is time-based (T decays to 2.4e-7 by end), but acceptance mostly uses `s >= curS` — any non-worsening move is accepted, so cur wanders a plateau... and every 18 rejections it snaps back to best. Stuck counter resets cur to best every 18 stuck. Hmm.

Possible structural defects to look for:

1. **`cur = cand` acceptance of sideways moves buries good structure**: sideways acceptance on plateau means `cur` drifts; with restart-to-best every 18 rejecting iterations, we're basically doing best-centric basin hopping. That's fine.

2. **Plateaus despite 8000+ iterations**: the perturbation→optimize pipeline re-finds the same basin. The best basin (2.635763) found at 315.8s. 222 more seconds found nothing better. This suggests either (a) we're in the incumbent-level basin already at 2.635907 but slightly different, and 2.635907462 requires a very specific contact graph, or (b) diversity is too low.

3. **Big lever: NO incumbent → the whole budget is spent climbing from random.** But wait — the problem says "If you are given a starting packing, HARD-CODE it". The best score so far 2.635907462 came from previous attempts — those attempts presumably received the current best as params and improved on it. My run started at 2.6206 meaning I did NOT get the incumbent... OR I got it but `extract` failed, OR I got a different params shape.

Hmm wait — actually let me reconsider. Look at first trace point [0, 2.620592502]. That's pushed AFTER init (incumbent branch or random branch). If incumbent branch ran with the real 2.635907 config, scoreOf ≈ 2.635907 would show at t=0. We saw 2.6206. Two possibilities: (a) params was null/not containing packing → random branch, but random branch would take ~4s (optimize 4000ms deadline → first trace at t≈4s, and toFixed(2) would show ~4 seconds, but the trace's first entry pushes seconds = 0? No wait: `trace.push([0, ...])` — I hard-coded 0 as the timestamp! So t=0 is hard-coded, not actual elapsed. So the timestamp doesn't tell us whether it was the random branch.

But the VALUE 2.620592502 at init: if incumbent existed with 2.635907, init value would be ≥2.635907. So either no incumbent was passed, or extract missed it. Previous attempts in the log (2.635907462) say "LP-verified exact local optimum of its basin... incumbent" — those speak of the incumbent as if given. Their init trace? Unknown.

Actually, there's another possibility: **params contained the 2.635907462 packing but `extract` failed to find it**. How could extract fail? If entries aren't raw numbers... e.g., if the entries have extra fields or are objects? Or if the array length ≠ 26? Unlikely.

Or **params was undefined entirely on this harness run** — the run literally got no start. The evidence: my score 2.635763388 is close to but below the log's best; the harness compares to "best so far" across attempts. If the harness always passes the best-so-far, extract would have found it. Since it didn't (init 2.6206), either extract bug or harness passes nothing.

Given uncertainty, the safe play: **HARD-CODE the current best packing into the program**. But I don't have the 2.635907462 coordinates — I never saw them! I only have MY configuration from this run (2.635763388)... which I also don't have coordinates for (they weren't printed).

Hmm. So I can't hard-code anything concrete. What CAN I do?

Option A: make extract more liberal (accept any array of length 26 where each entry has ≥3 numeric-ish values, coercible). Also handle the case params = {best: {solution: …}} etc. Already handled by recursion. Handle arrays of length 26 not exactly of subarrays length 3 but with more elements — extract requires e.length>=3 — ok. Numbers as strings? typeof 'number' fails → rejected. Add coercion? That risks accepting trace entries (but those have length 2 or N...). Actually trace is array of [t, score] length-2 pairs — extract checks obj.length === N (26) first for arrays… trace could have 26+ entries!! If params.trace has exactly 26 entries... unlikely (69 checkpoints). But careful: my recursion iterates arrays up to 40 elements — if trace entry arrays length 2 → each child `e` is a number, not array → extract(number) → typeof 'number' !== object, not array → returns null ✓.

Honestly the more likely story is: **the harness did not pass anything** (params undefined) — because "No starting packing" is plausible for this problem setup, and previous attempts' mention of "incumbent" might refer to their own found best within-run. Actually re-reading the log fragments: "the incumbent is an LP-verified exact local optimum of its basin (all 26 circles touching, sweeps/SA found only +3e-7 in 500s)" — suggests they had a given start and verified. Also "The defect was mechanical... my previous reply was truncated" etc.

Given ambiguity: harden extract (accept numbers coercible, also accept length-26 arrays nested deeper depth, increase depth limit to 8) and ALSO make the from-scratch search stronger, since it evidently works (2.63576 from scratch) but plateaus twice for 200s each.

Where's the real improvement lever? The two 200s plateaus mean: once in a basin at 2.63424, 200 seconds of hopping didn't find better; then jump to 2.63576 at 315.8s; then nothing for 222s. The best-known contact graph at 2.635983 needs to be found. SA temperature is very low by then (T at 315s/540s: frac=0.58, T=6e-5×0.004^0.58 ≈ 6e-5×0.038 ≈ 2.3e-6 — accepting −2.3e-6 moves at 37%). Fine.

Honestly, the core throughput math: main loop iterations in 538s. Quick optimize ~60ms + overhead → but plateaus suggest… Let me estimate: if ~6000 iterations, avg 90ms, that's 540s. Roughly consistent.

What limited the score? Possibly optimization quality per candidate (quick stages too weak → good perturbations mis-scored and rejected) AND basin diversity. 

Improvements to make (targeted edits, not rewrite):

1. **Harden extract** (params robustness): coerce numeric strings, deepen recursion, and accept arrays nested under common keys. Also depth 8. But this only matters if incumbent was actually passed and missed — likely it wasn't passed at all. Still cheap insurance. Actually — be careful: making extract MORE liberal risks false positives (e.g., picking up a 26-element array of numbers from trace-like data and producing garbage centers). Keep requirement: length-26 array of arrays with first 3 entries numbers (or numeric strings). Coerce via Number().

2. **Fix the plateaus — the wasted 400s**: The best gains came early (0→316s). The schedule cooled too fast and hopped too locally. Change: keep temperature from fully collapsing — floor T at ~6e-7... and add periodic "reheat" waves: every ~60s without improvement, bump cur to best and strength high, temperature partially reset (logged tactic #3 exactly: hard restart to best + reset step size and temperature to moderately high values). My current code has stuck-based restart every 18 stuck — but stuck is only incremented on rejection; sideways accepts keep drifting. Something to raise exploration: cyclical T with sawtooth rather than monotone decay.

3. **Score model issue — the biggest structural suspicion**: my acceptance compares repaired sums of perturb-then-quick-optimize candidates. Quick optimize undershoot means basins get mis-ranked. Cheap improvement: after any new best OR when candidate within 5e-4 of best, run a deeper optimize pass (the `doDeep` slice) before scoring. I have doDeep every 20 iterations at 1200ms — that's ~5% usage. Maybe increase to every 6 iterations of hopping? Actually plateau over 200s means many candidates were ~equal; deeper scoring wouldn't change basin identity much.

4. **Exploit the actual found basin harder**: 315.8s found 2.63576; remaining 222s should grind *that* basin's contact graph via tiny perturbations + long optimize + LP polish. Currently lpPolish only on improvement. Add: every ~40 iterations, lpPolish(cur) — radii-only LP is exact and cheap; might squeeze without structure change. Also every ~100 iterations, do a "micro-polish" cycle: best-centric tiny perturb (strength 0.005) + deep optimize (3000ms) — focused tunneling.

5. **Time efficiency**: trace shows last checkpoint at 538.5s — good use of budget (~89.7%). Best at 315.8s = 53% of 600s. 

Actually — wait. Let me reconsider the biggest defect hypothesis. Look again at the init: value 2.6205925. If the harness DID pass params but as something my extract missed… my run wasted essentially ALL its budget re-finding what previous attempts already had (2.63576 vs 2.63591). The single most valuable change: get the incumbent parsed correctly OR, if truly absent, no change possible. Since I can't verify, do BOTH: robust extract + better search.

Hmm, one more idea — the harness note says "If you are given a starting packing, HARD-CODE IT" — the phrase "hard-code" implies the packing is visible TO ME in the prompt. But I see no coordinates in the prompt. So no packing is given in-prompt. params likely = null/{} on this harness. The log's earlier attempts with "incumbent" likely meant "given a starting packing" via params... their traces would have shown it. I'll assume params may be absent; extract robustness is insurance only.

So the real edits: improve the search dynamics. But note the instruction: "Do NOT rewrite the whole program. Small, targeted edits." And: "which of the assumptions you made above held, and which one is responsible for the score you got?" — Answer: assumption "we start from incumbent" FAILED (init 2.6206 proves we started from random and spent 4s on it). The from-scratch climb to 2.63576 proves the optimizer works: it found 2.63423 fast (110s). The plateau 110→316s (206s wasted) then jump — the reheat/restart frequency was too low and T too low mid-run.

Let me design targeted edits:

**Edit 1 — extract robustness** (cheap insurance in case a future run actually passes the best-so-far config in an odd shape):
- Accept numeric strings via Number() coercion.
- Depth limit 5→8; increase scan L from 40 to 200 (traces arrays are long! If params.solution is an array of 26... it's found at top check; but if the outer object iterates keys... fine).

Hmm wait, actually there's a REAL potential extract bug worth noting: `for (var k in obj)` — if obj is huge with many keys and an early key contains an array of length 26 of numbers-not-arrays → extract returns null from that branch, continues ✓.

**Edit 2 — reheat waves**: replace monotone T with sawtooth: `var cyc = (frac*4)%1; var T = 8e-5*Math.pow(0.01, cyc);` plus global decay. This gives periodic exploration. And strengthen: when `nowT - lastImp > 45000`, do reheat: cur=clone(best), stuck=0... currently threshold 90000 and requires it%10===0; lower to 30000, remove %10 gate.

**Edit 3 — capacity redistribution**: deep dives every 20 → every 12, slice 1200→900; quick slice unchanged. Restart every 45 → every 60 (restarts rarely find >2.63 anyway within 2.6s — evidence: init random got 2.6206 in 4s; restarts underperform the incumbent basin). Actually keep some restarts for the 2.6359-hunt forum: from-scratch FOUND nothing beyond 2.635763 in this run, but the 2.63423→2.63576 jump at 315s came from a perturb chain (trace doesn't say which). Keep restarts but slightly rarer.

**Edit 4 — micro-polish cycles near best**: every 30 iters: cand = clone(best); tiny perturb strength 0.006; deep optimize slice 2000ms; lpPolish; this directly attacks "squeeze more from the best basin" which produced the +1.5e-3 jump at 315s.

Actually — hmm, let me think about what produced the jump at 315.8s. The chain: plateau at 2.63423 for 206s, then a candidate scored 2.63576. Δ=+0.00153. That's a basin jump — perturbation from cur (which had drifted sideways) found a new basin. So exploration DID work mid-run. Final 222s: nothing. With ~2000 more candidates at similar acceptance, nothing found — suggests the 2.635907 basin is narrow from our neighborhood distribution, OR our quick-optimize mis-scores candidates that would land there.

**Edit 5 — second-chance deep scoring**: if `bestS - s < 8e-4` (close but rejected/accepted-sideways), run an extra deep optimize pass on cand and rescore before decide. This rescues underscored promising candidates. Cost: 900ms each; if triggered often it's expensive — gate with `(it%5===0)` or probability 0.35 on near-misses. Cheap enough: near-misses are rare on plateaus? On a plateau at 2.63576, near-miss within 8e-4 = all the sideways junk... hmm, cur drifts far down via sideways accepts (each accepting ≥ curS, so cur never decreases — wait `s >= curS` accepts non-worsening only; plus SA accepts worse with prob). cur stays high. cand = clone(cur) perturbed typically lands within 8e-4 → trigger often → too expensive. Gate with probability 0.25 and additional `s > bestS - 2e-4`.

Let me quantify budget use: with these edits maybe iterations drop 20% but conversion rises. Fine.

**Edit 6 — attempted incumbent seeding**: Since I cannot hard-code coordinates, at least seed also a **deterministic good heuristic**: e.g., run the random-restart pipeline 3 times in the first 60s with longer budgets and keep the best — plus store ALL distinct local minima ≥ bestS − 1e-3 in `elite` (already do — capacity 8, keyed by replacement of worst — hmm, my elite push condition `elite.push` only on improvement of best; so elite stores the chain of bests, not diverse minima. Change: also push any candidate with s > bestS − 8e-4 (cap 10, drop worst). This builds the diverse archive the logged lesson wants, and my hops can then use it.)

Also niche: require spatial distinctness to enter archive? Keep simple: cap 10 with worst-drop.

Implementation as edits to the given source. Let me be careful to keep edits small and exact-matching.

Edits list (concrete):

1. extract: coercion + depth.
Find:
```
  function extract(obj, depth) {
    if (!obj || depth > 5) return null;
    if (Array.isArray(obj)) {
      if (obj.length === N) {
        var ok = true;
        for (var i = 0; i < N; i++) {
          var e = obj[i];
          if (!Array.isArray(e) || e.length < 3 || typeof e[0] !== 'number' || typeof e[1] !== 'number' || typeof e[2] !== 'number') { ok = false; break; }
        }
        if (ok) return obj;
      }
```
Replace with a version: depth > 8; coerce numeric strings:
```
  function extract(obj, depth) {
    if (obj === null || obj === undefined || depth > 8) return null;
    if (Array.isArray(obj)) {
      if (obj.length === N) {
        var ok = true;
        for (var i = 0; i < N; i++) {
          var e = obj[i];
          if (!Array.isArray(e) || e.length < 3) { ok = false; break; }
          var a = Number(e[0]), b = Number(e[1]), rr = Number(e[2]);
          if (!isFinite(a) || !isFinite(b) || !isFinite(rr)) { ok = false; break; }
        }
        if (ok) return obj;
      }
```
But then downstream uses inc[ii][0] which might be a string → [ '0.5', ... ] → arithmetic coercion works in JS mostly ('0.5'-... fine, but comparisons clamped work). Safer: in init branch, wrap Number(): change `best[ii] = [inc[ii][0], inc[ii][1], inc[ii][2]];` → `best[ii] = [Number(inc[ii][0]), Number(inc[ii][1]), Number(inc[ii][2])];`. Add that edit too.

Also extend scan limit L from 40 to 300? If params itself is an array of length 26 rows it's caught above. params.trace huge arrays as values: for-in over object keys then extract child arrays — child array length maybe 69 → L=Math.min(69,40)=40 scans 40 elements of length-2 arrays → returns null eventually fine. Raising to 300 increases worst-case recursion cost trivially. Keep 40→200 fine. Minor.

2. Reheat schedule: replace
```
      var frac = Math.min((nowT - t0) / TIME_LIMIT, 1);
      var T = 6e-5 * Math.pow(0.004, frac);
```
with global decay × sawtooth reheat:
```
      var frac = Math.min((nowT - t0) / TIME_LIMIT, 1);
      var cyc = (frac * 5) % 1;
      var T = 9e-5 * Math.pow(0.006, cyc) * Math.pow(0.35, frac);
```
Hmm let me reason: T at frac=0: cyc=0 → 9e-5. Over each 0.2-frac cycle, T decays from ~9e-5·0.35^frac down ×0.006 then jumps back. Late cycles (frac=0.8): 9e-5×0.35^0.8≈3.9e-5, cycling to 2.3e-7. Good mix.

3. lastImp reheat block: replace
```
      if (nowT - lastImp > 90000 && it % 10 === 0) {
        cur = clone(best); curS = bestS; stuck += 12; lastImp = nowT;
      }
```
with
```
      if (nowT - lastImp > 35000) {
        cur = clone(best); curS = bestS; stuck = 0; lastImp = nowT;
      }
```
Wait — careful: resetting lastImp on ANY improvement already handled. Setting lastImp=nowT here restarts the 35s window ✓. stuck=0 to reduce strength for a controlled refine around best? But logged tactic says reset temperature/step MODERATELY HIGH to escape plateau. For escaping, want higher strength → keep stuck moderate: stuck += 10. Actually the escape purpose and refine purpose conflict. Compromise: stuck = 8.

Hmm wait, there's a subtlety: strength formula uses `stuck` — after improvement stuck=0 → perturbations tiny around new best (good for consolidation), increasing as rejections accumulate (escape). Reheat every 35s without improvement → bump stuck to at least 10 → strength ~×1.5.

4. Micro-polish around best: add after the scoreOf(s) line? Better: inside the main loop before doRestart decision, add branch:
```
      var micro = (it % 17 === 0);
      if (micro) {
        cand = clone(best);
        perturb(cand, 0.004 + 0.004 * Math.random());
      } else if (doRestart) { ...
```
and slice: micro → 2200ms quick=false; acceptance same. Edit the candidate-creation block:

Find:
```
      var cand;
      var doRestart = (it % 45 === 0 && Math.random() < 0.5);
      var doDeep = (it % 20 === 0);
      if (doRestart) {
        cand = randomConfig();
      } else {
```
Replace:
```
      var cand;
      var doRestart = (it % 45 === 0 && Math.random() < 0.5);
      var doDeep = (it % 12 === 0);
      var micro = (it % 17 === 0 && bestS > 2.5);
      if (micro) {
        cand = clone(best);
        perturb(cand, 0.004 + 0.004 * Math.random());
      } else if (doRestart) {
        cand = randomConfig();
      } else {
```
And slice line:
```
      var slice = doRestart ? 2600 : (doDeep ? 1200 : 150);
      optimize(cand, Math.min(Date.now() + slice, HARD_END - 1600), !doDeep && !doRestart);
```
→
```
      var slice = micro ? 2200 : (doRestart ? 2600 : (doDeep ? 1000 : 150));
      optimize(cand, Math.min(Date.now() + slice, HARD_END - 1600), !(doDeep || doRestart || micro));
```

5. Elite diversification: change improvement-block push from only-on-best-improvement to also near-best. Find:
```
      } else if (s >= curS || Math.random() < Math.exp((s - curS) / T)) {
        cur = cand; curS = s; stuck++;
      } else {
```
Insert before that else-if an archive add: better placed right after the best-update block:

Actually modify: after
```
        trace.push([+((Date.now() - t0) / 1000).toFixed(2), +bestS.toFixed(9)]);
      } else if (s ...
```
Add an `else if` chain? Structure: currently if(best){...push elite...} else if(accept){...} else {...}. I'll add archive maintenance as separate statement after the whole if/else — needs `s` in scope ✓:
```
      if (s > bestS - 8e-4) {
        var dup = false;
        for (var ea = 0; ea < elite.length; ea++) { if (Math.abs(elite[ea][0] - s) < 2e-6) { dup = true; break; } }
        if (!dup) {
          elite.push([s, clone(cand)]);
          if (elite.length > 10) {
            var worst2 = 0;
            for (var e2 = 1; e2 < elite.length; e2++) if (elite[e2][0] < elite[worst2][0]) worst2 = e2;
            elite.splice(worst2, 1);
          }
        }
      }
```
And remove the old elite push inside improvement? It pushes [bestS, clone(best)] — keep (harmless dup-check above may skip later). Actually keep code simple: keep old push but cap condition stays ≤8 → remove old to avoid double machinery. Find old block and delete:
```
        elite.push([bestS, clone(best)]);
        if (elite.length > 8) {
          var worst = 0;
          for (var e = 1; e < elite.length; e++) if (elite[e][0] < elite[worst][0]) worst = e;
          elite.splice(worst, 1);
        }
```
Replace with empty (or keep — dup guard in new block prevents most growth, but old push bypasses dup guard; two pushes per improvement fine under cap 10). To minimize edit risk, replace old block with nothing? SEARCH/REPLACE with the block → replaced by single line `/*archived below*/`. Hmm comments discouraged but fine—better: replace with `void 0;`. Cleanest: replace the block with a no-op statement that's clearly valid. Or keep the old block AND add the new block — elite could then have both pushes; cap dedup? Old push unconditional → elite grows to 10 stale entries of best-chain duplicates crowding diversity. Prefer removal. Replace old block text with `elite.length = elite.length;`?? ugly. I'll replace with nothing — REPLACE content can be just empty string? Should be fine, but to be safe replace with a blank space-free statement. Let me instead rewrite that whole improvement block cleanly in one edit (find from `trace.push` back to `bestS = s; best = clone...` — risky mid overlap. Simpler: replace the 6-line elite block with the single line `cur = cur;` no... 

Decision: replace the OLD elite-maintenance block with the NEW archive block moved there (it needs `s`, which is in scope where the old block sits — yes! s is defined in the same iteration scope). So: replace old block with new archive block (guarded only when s improved best anyway — but for archiving diversity we want it outside the improvement branch!). Hmm: outside分支 means after the if/else chain. The old block is inside the improvement branch. Two different locations.

OK final decision — keep it simple and robust:
- Leave the old elite push where it is (bests chain).
- Add a SECOND archive block after the full if/else acceptance chain (new location, guarded by dup check & cap 12). Slight duplication, zero structural risk.

Elite hop line: `if (it % 30 === 0 && elite.length > 1 && Math.random() < 0.35)` → make more frequent: `% 22` and `0.45` to exploit archive. Edit that too.

6. Also acceptance `s >= curS` sideways — fine.

7. One more high-value idea: **post-run polish on elite != best**: when time expires we return best only. skip.

Also guard: `micro` uses bestS>2.5 — after first seconds bestS ~2.6 anyway; condition practically always true; keep for safety pre-init.

Now iterate count estimates: micro every 17 (~5.9% × 2200ms ≈ 130ms avg/iter contribution... wait: 1/17 iterations take 2200ms → +129ms amortized) + deep 1/12×1000ms=83ms + restart 1/90×2600=29ms + quick 150ms×(11/12-ish)... amortized ≈ 150+129+83+29 ≈ 390ms/iter?? That halves iteration count vs before (~90ms avg measured → because optimize mostly exits by iteration caps, not slice). Actual measured earlier: ~6000 iters in 538s → 90ms avg with doDeep 1/20×1200 and restart 1/90×2600 → quick base must be ~50ms (iteration caps). So new avg ≈ 50 (quick) + 2200/17 ≈ 129 + 1000/12 ≈ 83 + 2600/90 ≈ 29 ≈ 290ms → ~1850 iterations. Too few!

Need balance: micro 1/17 too expensive. But micro is the mechanism most likely to refine 2.63576→2.63591 (that jump took 200s to happen via luck; focused micro-hopping with FULL optimize exploits it). Given the run ends at ~6000 candidates now, dropping to ~2500-3000 with 2× better conversion is worth it. Tune: micro every 20 iters slice 1500ms (75ms amortized), deep every 15 slice 900ms (60), restart every 90 with p=0.5 (2.9%? no: it%45===0&&rand<0.5 ≈ 1/90 → 2600/90≈29ms) → avg ≈ 50+75+60+29 ≈ 214ms → ~2500 iterations. Hmm.

Alternative: reduce micro slice to 1200ms (optimize full stages ~4500 iters ≈ 110-130ms ACTUAL by iteration caps! The slice is only a guard — optimize with quick=false runs ~4500 iterations ≈ 4500×25µs ≈ 112ms if no early stagnation break... measured init random took up to 4000ms deadline — no, deadline is a cap, actual = iteration-bound ~ 4500×25µs ≈ 112ms IF stagnation windows don't trigger earlier. Plateau stages break early: stage stops after 140-window with <1e-12 progress. At convergence stages break quickly. So full optimize ≈ 60-130ms typically).

Recalibrate: earlier avg 90ms/iter INCLUDED doDeep 1/20 (~cap 1200ms, actual ≤ ~150ms) and restarts. So quick actual ≈ 85ms. Then micro (full optimize ≈ 110ms) every 17 adds ≈ 6.5ms amortized!! Tiny. Deep & restart similar. Great — slices rarely bind. So edits are cheap; keep micro every 17 slice 2200 fine.

Wait then why did whole thing plateau — not throughput, ~6000 candidates; it's conversion. OK.

One more possibly-important thing: maybe the 2.63576→2.63591 jump needs **contact-graph-preserving exact refinement** which my optimizer already does. The 200s plateau spent on `cur` wandering may be because sideways-accept lets cur drift into mediocre cones; best-centric hopping every 18 stuck is decent. Fine.

Also consider seeding diversity for the missing-incumbent world: is there a known analytic good config for n=26 sum-radii? Packomania's "circles in square maximizing sum of radii" has no closed form. Skip.

Final edits summary (5 SEARCH/REPLACE blocks):

A. extract depth/coercion.
B. init incumbent Number() wrap.
C. T schedule + reheat.
D. elite hop frequency.
E. candidate creation: micro branch + slice/quick change.
F. stuck reheat block (part of C? separate).
G. archive block after acceptance chain (insert after the else block ends — anchor on the reheat block from C).

Let me write them carefully with verbatim anchors.

A. SEARCH:
```
  function extract(obj, depth) {
    if (!obj || depth > 5) return null;
```
REPLACE:
```
  function extract(obj, depth) {
    if (obj === null || obj === undefined || depth > 8) return null;
```
And inner numeric check SEARCH:
```
          if (!Array.isArray(e) || e.length < 3 || typeof e[0] !== 'number' || typeof e[1] !== 'number' || typeof e[2] !== 'number') { ok = false; break; }
```
REPLACE:
```
          if (!Array.isArray(e) || e.length < 3 || !isFinite(Number(e[0])) || !isFinite(Number(e[1])) || !isFinite(Number(e[2]))) { ok = false; break; }
```

B. SEARCH:
```
      for (var ii = 0; ii < N; ii++) best[ii] = [inc[ii][0], inc[ii][1], inc[ii][2]];
```
REPLACE:
```
      for (var ii = 0; ii < N; ii++) best[ii] = [Number(inc[ii][0]), Number(inc[ii][1]), Number(inc[ii][2])];
```

C. SEARCH:
```
      var frac = Math.min((nowT - t0) / TIME_LIMIT, 1);
      var T = 6e-5 * Math.pow(0.004, frac);
```
REPLACE:
```
      var frac = Math.min((nowT - t0) / TIME_LIMIT, 1);
      var cyc = (frac * 5) % 1;
      var T = 9e-5 * Math.pow(0.006, cyc) * Math.pow(0.35, frac);
```

D. SEARCH:
```
        if (it % 30 === 0 && elite.length > 1 && Math.random() < 0.35) {
```
REPLACE:
```
        if (it % 22 === 0 && elite.length > 1 && Math.random() < 0.45) {
```

E. SEARCH:
```
      var cand;
      var doRestart = (it % 45 === 0 && Math.random() < 0.5);
      var doDeep = (it % 20 === 0);
      if (doRestart) {
        cand = randomConfig();
      } else {
```
REPLACE:
```
      var cand;
      var doRestart = (it % 45 === 0 && Math.random() < 0.5);
      var doDeep = (it % 12 === 0);
      var micro = (it % 17 === 0 && bestS > 2.5);
      if (micro) {
        cand = clone(best);
        perturb(cand, 0.004 + 0.004 * Math.random());
      } else if (doRestart) {
        cand = randomConfig();
      } else {
```

F. SEARCH:
```
      var slice = doRestart ? 2600 : (doDeep ? 1200 : 150);
      optimize(cand, Math.min(Date.now() + slice, HARD_END - 1600), !doDeep && !doRestart);
```
REPLACE:
```
      var slice = micro ? 2200 : (doRestart ? 2600 : (doDeep ? 1000 : 150));
      optimize(cand, Math.min(Date.now() + slice, HARD_END - 1600), !(doDeep || doRestart || micro));
```

G. stuck reheat SEARCH:
```
      if (nowT - lastImp > 90000 && it % 10 === 0) {
        cur = clone(best); curS = bestS; stuck += 12; lastImp = nowT;
      }
```
REPLACE:
```
      if (nowT - lastImp > 35000) {
        cur = clone(best); curS = bestS; if (stuck < 10) stuck = 10; lastImp = nowT;
      }
      if (s > bestS - 8e-4) {
        var dup = false;
        for (var ea = 0; ea < elite.length; ea++) { if (Math.abs(elite[ea][0] - s) < 2e-6) { dup = true; break; } }
        if (!dup) {
          elite.push([s, clone(cand)]);
          if (elite.length > 12) {
            var worst2 = 0;
            for (var e2 = 1; e2 < elite.length; e2++) if (elite[e2][0] < elite[worst2][0]) worst2 = e2;
            elite.splice(worst2, 1);
          }
        }
      }
```
Wait — variable reuse: archive uses `s`, fine. But note G block placement: after acceptance chain ✓ (`s`, `cand` in scope — yes, declared with var inside try block earlier in same iteration scope ✓). But careful: on the improvement branch the old elite push stays → archives best chains; dup-check prevents repeated entries ✓.

Hmm one issue: T change — cyclic reheat means T jumps UP periodically; accept `exp(negative/T)` more often right after reheat → more exploration mid-run ✓ addresses 200s plateaus.

Also were there any actual BUGS found in re-reading? Let me scan the code once more for real defects:

1. In `optimize`, stages quick: `[[0,100,480],[0,10000,560],[0,1000000,560],[1,60,320],[1,400,320]]` total 2240 iterations — matches intent ~ fine.

2. `shrinkExact` "larger absorbs": take = min(need, r[i]-1e-9); if need > r[i]-1e-9 remainder from r[j]. If BOTH too small (r[i]+r[j]-2e-9 < need) → can't reach d-eps... leaves violation of that pair! Then validate(best) would fail at end → finalRepair escalates eps → still could fail → fallback grid. Only in degenerate random cases; candidates mid-search unscored-valid matters little. OK.

3. `lpRadii` capb uses c[i][0] etc. after clampCenters ✓.

4. `scoreOf` mutates cand radii; then acceptance `else if (s>=curS...)` compares repaired score ✓.

5. Trace initial `[0, bestS]` hard-coded 0 — cosmetic.

6. Main bug-ish: `lastTraceSec` cadence — fine.

7. Potential real issue: `perturb` rotation move rotates cluster including outside-region positions — clamped later ✓.

8. `energy`... fine.

So no inverted conditions found; the primary defects are: (i) assumed incumbent present — it wasn't (init 2.6206) — nothing to fix in code except robust extract; (ii) schedule cooled monotonically and reheated only after 90s+cond, producing two ~210s plateaus; (iii) archive unused for diversity (only best-chain), hop rare (1/30×0.35≈1.2%); (iv) no focused micro-refine of the best basin during the final 222s.

One more consideration — should I also add `if (micro)` acceptance that also updates cur? Current improvement branch handles best-updates; micro candidates that don't beat best → normal acceptance. ✓

I'm fairly confident. Write the reply: brief ANALYSIS + 8 edits.

========================================================================
EVAL 1  round 3/15  proposing  2026-08-22T21:36:02.566Z
========================================================================


========================================================================
job ba460819  dropstone-heavy  2026-08-22T21:36:04.694Z
========================================================================
Let me analyze what happened in this second run:

- Score: 2.635835927 — improved from 2.635763388 (+7.3e-5), but still below incumbent 2.635907462 (gap 7.2e-5) and target 2.635983283.
- Trace: 0s→2.6177, 10s→2.6319, 70s→2.6357528. Then FLAT from 70.3s to 470.6s (400 seconds of plateau!), then at 538.5s → 2.635840974 (final repair nudged it — actually the last checkpoint is 2.635840974 vs returned score 2.635835927; the returned score is slightly LOWER than the last trace point? The trace says 538.5s 2.635840974 but score returned 2.635835927. Hmm — the last trace pushes `bestS` after finalRepair. Wait, final trace push is `bestS` which was set before final repair... Actually the returned solution's score was measured at 2.635835927 by the verifier while the trace's last entry says 2.635840974 — a discrepancy of ~5e-6. Why? Because `bestS` tracked the internal score but `finalRepair(best)` shrank radii further? Wait — finalRepair uses lpRadii then shrinkExact with escalating eps; that could REDUCE the sum if validate failed initially... Actually bestS was 2.635840974 internally; then `finalRepair(best)` recomputed radii — if validate failed at eps=2.5e-9, eps ×3 = 7.5e-9 margin, shrinking radii more, giving 2.635835927. So final repair cost ~5e-6. That's a small leak worth fixing: best should be stored such that finalRepair doesn't lose value. Actually wait: bestS=2.635840974 was set via scoreOf+lpPolish (eps=2.5e-9). Then finalRepair validated... if validate(c) passes (1e-12 slack threshold), it returns radii unchanged. It entered with radii from lpPolish at eps 2.5e-9 → validate requires slack ≥1e-12 — lpPolish guarantees slack ≥ eps-datapath error ≈ 2.5e-9 > 1e-12 → passes → radii unchanged. Then why the 5e-6 difference?

Hmm, maybe verifier measures slightly differently... Or `best` was updated at the very end: last improvement at 538.4s (2.635840974) — the loop breaks at HARD_END−1500 = 538.5s. The improvement at 538.4s: after that, `finalRepair(best)`... Actually wait — improvement branch sets bestS = s, then `var sp2 = lpPolish(best); if (sp2 > bestS) bestS = sp2;` — but if sp2 < bestS (lpPolish produced slightly LOWER sum than scoreOf's repaired radii), bestS stays but `best`'s radii were ALREADY REPLACED by lpPolish's result! lpPolish mutates c's radii unconditionally: `for (var i = 0; i < N; i++) { c[i][2] = r[i]; s += r[i]; }`. So if lpPolish gives a slightly lower sum than the shrinkExact-repaired radii from scoreOf, the stored best is downgraded by that difference while bestS keeps the higher (stale) value! THAT's the 5e-6 leak. And then finalRepair keeps lpPolish radii.

Wait, can lpPolish return less than scoreOf? scoreOf does shrinkExact on current radii (monotone shrink from optimizer radii) — near-maximal for fixed centers but greedy. lpRadii projects 0.6·1 onto the polytope = max-sum radii for those centers (to Dykstra convergence ~1e-13, capped 900 sweeps). In theory LP ≥ shrinkExact. But Dykstra caps at 900 sweeps and then shrinkExact LP result — should exceed. Hmm, unless lpRadii hasn't converged (maxCh<1e-13 break or 900 sweeps) and returns less... possible when polytope degenerate. The observed 5e-6 leak suggests exactly this happened: lpPolish overwrote radii with a slightly worse vector. FIX: in the improvement branch, only accept lpPolish radii if sp2 > bestS; otherwise restore. Actually lpPolish mutates `best` directly. Restructure: run lpPolish on a CLONE, and only if better, adopt.

Also the final answer scored 2.635835927 vs trace 2.635840974 — consistent with this leak (best's radii got replaced by the worse lpPolish output at the last improvement at 538.4s).

FIX #1: on improvement, `var candLP = clone(cand); var sp2 = lpPolish(candLP); if (sp2 > bestS) { bestS = sp2; best = candLP; } else { best = clone-of repaired radii... }` — careful: `cand` after scoreOf has repaired radii (scoreOf mutates). So: best = clone(cand) BEFORE lpPolish... currently: `bestS = s; best = clone(cand);` then lpPolish(best) which mutates best. Change to: `var lp = clone(cand); var sp2 = lpPolish(lp); if (sp2 > s) { bestS = sp2; best = lp; } else { bestS = s; best = clone(cand); }`.

Same bug exists at init: `var s0 = lpPolish(best); if (s0 > bestS) bestS = s0;` — lpPolish mutates best even when not better. Fix similarly.

2. **The plateau problem persists**: 70s→470s flat (400s!). The schedule changes didn't break plateaus this run — actually the improvement from last run (2.63575 found at t=70 this time vs 316s last time) came early. Then NOTHING for 400s, then a tiny improvement at 538.4s. The micro-refine (every 17th iteration, tiny perturb of best + full optimize) clearly is not converting. Why? Because the tiny perturbation (0.004-0.008) of best followed by full optimize returns to the SAME basin — local optimum is stable. The structural moves that could change the contact graph (role swaps, hole reinsertion) are in `perturb` but at small strength they rarely fire effectively; and after acceptance-with-SA, `cur` drifts.

Key realization from both runs: jump from 2.6342→2.6357 happened via lucky chains; conversion of plateaus needs either (a) MANY more from-scratch-ish diversifications that actually reach ≥2.635 basins, or (b) better local moves.

Also this run reached only 2.63584 vs incumbent 2.63591. The accepted best across all attempts remains 2.635907462. So this attempt is currently WORSE than the incumbent that the harness has. But wait — "best score reached so far: 2.635907462" is across attempts; this run scored 2.635835927. We need to beat 2.635907462.

Where's the gap? The final config: min r 0.0701, max 0.1369, 18-19 distinct radii, 16 wall-touching. The incumbent presumably different contact structure.

Let me think about what single change gives the biggest expected gain:

Option A: Fix the lpPolish-overwrite leak (guaranteed +0 to +5e-6).

Option B: **Iterate LP/jiggle: alternate lpPolish (optimal radii for centers) with small center moves toward increasing LP value** — i.e., use the LP value AS the objective for the local optimizer instead of the penalty objective. That's a big structural change but could nail radii within a basin. Currently optimize minimizes energy directly with its own radii dynamics — which converge to the basin optimum anyway (log says exact local optima). So marginal.

Option C: **Many more restarts from diverse structured inits** — but lattice-init is a dead end (invalid finals, per log).

Option D: Increase micro-refine quality: instead of perturbing positions, do **contact-graph surgery**: pick the circle with the largest "slack" (non-tight constraints give free room...) — trace says 0 circles touch nothing: all circles are constrained. All 26 tight → exactly jammed. Then improvements only come from center rearrangements that relax bottlenecks. A directed move: identify pairs with near-zero slack vs pairs with larger gaps; nudge centers to shift area from slack pairs to tight chains... The optimizer's gradient already does this locally.

Option E: The temperature schedule with cycles — did it help? This run: improvement at 70s then nothing until 538s. The cyclic T didn't convert. Meanwhile acceptance `s >= curS || exp(...)` with `cur` possibly wandering in bad regions wastes evaluations. Restarts every ~90 iters (~1.1%) rarely produce anything near best (random init → ~2.60-2.62 in 2.6s → never > 2.6357; those 2.6s×~(fraction) of time is WASTED). Let me quantify: 65 checkpoints over 538.5s; iterations? Unknown, but restarts at it%45 every 45 iters → ~1/45 of iterations cost 2600ms slice (actual ~110ms?). Actual optimize time is iteration-capped (~4500 iters × 25µs ≈ 112ms) unless deadline earlier. So restarts ≈ 2.2% of iters × 112ms ≈ fine.

Honest assessment: two runs, three basins found (2.6342, 2.63576, 2.63584), all below incumbent 2.63591. The incumbent family (from earlier attempts) clearly reachable via this optimizer style (earlier attempts reached 2.635907462 — probably starting FROM a given incumbent packing and polishing). Since this attempt gets params... does params actually contain the incumbent? First run init scored 2.6206 → NO incumbent passed. So harness runs solve() possibly without params. Then earlier attempts' 2.635907462 was found from scratch too?? The log says attempts reached 2.635907462 with multi-start etc. So from scratch IS capable of reaching 2.63591 within 540s. My two runs got 2.63576 and 2.63584 — close but not there. Their runs maybe got luckier or their optimizers differ.

What's my conversion problem? Two runs both stall ~2.63575-2.63584. The best basin (2.63591+) needs a specific structure. Options: more exploitation of near-best configurations (micro done), more elite diversity (added), and MORE IMPORTANTLY maybe the SA accept lets cur degrade too much with cyclic T reheat; or too little.

New idea worth adding (cheap and powerful): **pair-swapping radii assignment improvement via lpPolish laptop** — no.

Let me reconsider the result stats: "18 distinct radius values, 16 touch wall, min 0.0701, max 0.1369, mean 0.10138". Sum = 26×0.101378 = 2.6358. Target mean = 0.101384+. Tiny difference — really contact-graph level.

Actually — WAIT. Look at last run's final: trace 2.635840974 but returned 2.635835927. The verifier rescored. If I fix the overwrite leak, this run would have returned 2.635840974 (or better). Still below 2.635907462.

Priority must be: find better basin. Given ~2500-6000 candidates/run and plateaus, maybe the acceptance schedule is letting `cur` sink too deep into 2.634-basins. The earlier successful attempts (2.635907462) used "multi-start + physical-relaxation + perturbation + repair-pass" — similar. Hmm.

Key differentiator I haven't tried: **restart from ELITE-archive configurations rather than cur/best**. And archive currently stores candidates with s > bestS − 8e-4 — reached only near end-game.

Alternative strong mechanism from the literature given: rotating whole RINGS — I have cluster rotation ✓.

What about a completely different global strategy: **parallel tempering / many short runs with greedy selection**? With 540s and ~90-150ms per full optimize, we can afford ~4000 full-depth independent random-init runs?? Each random start reached ~2.62-2.63 (run 1 init: 4s → 2.6206; but optimize full is only ~112ms → maybe 2.60-2.62 each). Weak.

Realistic best lever: improve LOCAL optimizer so each basin's optimum is found exactly, and do MUCH more aggressive structural perturbation cycles around the 2-3 best distinct basins — basin-hopping with restart from archive, always returning to archive entries (not random walks through `cur`), i.e., monotonic basin hopping (Iyengar-style): accept only improvements into archive; else perturb archive entries chosen at random (tournament). This avoids `cur` wandering through junk — every candidate originates from a ≥2.6355 config. Given improvements are rare-and-discrete, monotonic basin hopping with small structural kicks is likely better than SA wandering.

But careful — full replacement of acceptance = risky. Compromise: mix — with prob 0.5 keep current SA; with prob 0.5 do monotonic: pick random elite, perturb (moderate), optimize, keep if enters archive. Elite hop already does part of this. The dedup threshold 2e-6 means similar-scoring distinct packings coexist? Dedup by score within 2e-6 discards distinct configs with close scores — maybe fine.

Also: **shrink-then-regrow move**: reduce one circle's radius to 0.7×, optimize (creates room for neighbors to grow), then optimize again — a useful kick not currently present. Perturb moves positions only (except swap radii). Add a perturb branch: pick 2-4 circles, scale radii by 0.6-0.8 → optimizer regrows. Cheap to add: extend perturb with a 12% branch.

Also potential subtle BUG in elite usage: `cur = clone(pick[1]); curS = pick[0];` — pick[0] is the score at archive time; but clone is of stored config — consistent ✓.

Another defect candidate: in G edit I appended archive-add AFTER reheat, but it references `s` — `s` is in the same iteration scope ✓. Also improvement branch ALSO pushes best — with cap-check twice. Both push... fine.

However — THERE'S A REAL BUG I should hunt: 2.635840974 → but verifier scored 2.635835927. Delta exactly matches "lpPolish overwrote worse radii". Let me verify: improvement at 538.4s set bestS=2.635840974? Then trace pushed. If bestS came from `s` (scoreOf) then lpPolish lowered radii, final answer = lpPolish radii. 2.635840974−2.635835927 = 5.047e-6 ≈ 26 circles × 1.9e-7 — plausible Dykstra under-convergence (900 sweeps cap). Plausible. FIX with clone-guard.

Also finalRepair at end: lpRadii(EPS)+shrink — would ALSO shrink to LP values?? finalRepair unconditionally: `var r = lpRadii(c, eps); shrinkExact(c, r, eps); for... c[i][2] = r[i];` — it REPLACES radii with lpRadii output even if lower than current! If lpRadii returns lower than bestS, finalRepair downgrades. Fix: keep best of {current radii shrunk, LP radii shrunk}: compute both, validate, choose the HIGHER sum that validates.

Wait but lpRadii = max-sum-radii for those centers — mathematically LP ≥ any feasible radii (including current). Dykstra converges to it; with 900 sweeps and tol 1e-13 should be ≥ current minus 1e-9... but observed says otherwise (LP output ~5e-6 lower sum than repaired radii — how?! If repaired radii are feasible with sum 2.635840974, LP optimum ≥ that. Dykstra at 900 sweeps cap may stop early with maxCh ~1e-7 → sum short by ~1e-6-ish. Or capp uses eps 2.5e-9 margin and shrinkExact again — those shave ≤ 26×2.5e-9 tiny. So likely Dykstra nonconvergence on near-degenerate constraints (jammed graphs have near-LP-degenerate normals → slow). Increase sweeps to 4000 and loosen break tol? Sweeps cost ~340k ops ≈ 2-3ms per 900; 4000 ≈ 12ms — fine for polish calls.

Better fix for both: lpPolish returns max(current repaired sum, lp sum) by NOT overwriting if lp ≤ current; and finalRepair chooses better of shrinkExact-current vs lp; boost lpRadii cap to 3000.

Also maybe cheap: after lpPolish accepted, run scoreOf again? Not needed.

Next: conversion of plateau. Add mechanisms:
1. Clone-guard lpPolish & finalRepair (fixes leak: guaranteed non-worse return, +5e-6 effective).
2. Radius-shrink regrow perturb branch (structural).
3. lpRadii sweeps 900 → 3000 (better LP values).
4. More aggressive micro: sometimes perturb best with LARGER structural kick than 0.004: alternate micro strength between tiny (0.004) and medium (0.03): e.g., `var mstr = (it % 51 === 0) ? 0.03 : 0.004 + 0.004*Math.random();` Actually it%17 micro; make every third micro medium strength.
5. Archive dedup by score AND config distance? skip — keep score 2e-6 but raise to 14 and hop more.

Also one more possible improvement: T reheat cycles — fine.

One more: `else if (s >= curS || Math.random() < Math.exp((s - curS) / T)) { cur = cand; curS = s; stuck++; }` — with cyclic T, late-run T tiny → cur rarely moves except sideways walks at same score. OK.

Also there's the observed fact: verifier-reported radii stats show tightest gap exactly 2.50e-9 = EPS_S — meaning at least one constraint sits exactly at my safety margin; that's expected (repaired onto eps). Fine.

Let me also fix: init branch lpPolish overwrite bug (same clone-guard).

Edit list (targeted, verbatim anchors):

E1 — lpRadii sweep cap 900→3000 (convergence):
SEARCH: `  for (var sweep = 0; sweep < 900; sweep++) {`
REPLACE: same with 3000. (occurs once ✓)

E2 — init incumbent lpPolish clone-guard:
SEARCH:
```
      bestS = scoreOf(best);
      var s0 = lpPolish(best);
      if (s0 > bestS) bestS = s0;
```
REPLACE:
```
      bestS = scoreOf(best);
      var lp0 = clone(best);
      var s0 = lpPolish(lp0);
      if (s0 > bestS) { bestS = s0; best = lp0; }
```
But careful — `var lp0` inside try inside if — var hoists to function; next use in else branch declares lp1 separately? else branch has `var s1 = lpPolish(best); if (s1 > bestS) bestS = s1;` — need same fix:
SEARCH:
```
      bestS = scoreOf(best);
      var s1 = lpPolish(best);
      if (s1 > bestS) bestS = s1;
```
REPLACE:
```
      bestS = scoreOf(best);
      var lp1 = clone(best);
      var s1 = lpPolish(lp1);
      if (s1 > bestS) { bestS = s1; best = lp1; }
```
Anchor uniqueness: "var s0 = lpPolish(best);" vs "var s1 = lpPolish(best);" unique ✓ with the preceding line `bestS = scoreOf(best);` appears in 4+ places (init inc, init else, catch, validate-fallback). Include the `var s0` / `var s1` lines to disambiguate.

E3 — improvement-branch lpPolish clone-guard:
SEARCH:
```
      if (s > bestS + 5e-13) {
        bestS = s; best = clone(cand);
        var sp2 = lpPolish(best);
        if (sp2 > bestS) { bestS = sp2; }
```
REPLACE:
```
      if (s > bestS + 5e-13) {
        var lp2 = clone(cand);
        var sp2 = lpPolish(lp2);
        if (sp2 > s) { bestS = sp2; best = lp2; } else { bestS = s; best = clone(cand); }
```

E4 — finalRepair keeps better radii:
SEARCH:
```
  function finalRepair(c) {
    clampCenters(c);
    var eps = EPS_S;
    for (var attempt = 0; attempt < 6; attempt++) {
      var r = lpRadii(c, eps);
      shrinkExact(c, r, eps);
      for (var i = 0; i < N; i++) c[i][2] = r[i];
      if (validate(c)) return true;
      eps *= 3;
    }
    return validate(c);
  }
```
REPLACE:
```
  function finalRepair(c) {
    clampCenters(c);
    var curR = new Float64Array(N);
    for (var ri = 0; ri < N; ri++) curR[ri] = c[ri][2];
    shrinkExact(c, curR, EPS_S);
    var eps = EPS_S;
    for (var attempt = 0; attempt < 6; attempt++) {
      var r = lpRadii(c, eps);
      shrinkExact(c, r, eps);
      var sumLP = 0, sumCur = 0;
      for (var i2 = 0; i2 < N; i2++) { sumLP += r[i2]; sumCur += curR[i2]; }
      if (sumCur > sumLP) { for (var i3 = 0; i3 < N; i3++) c[i3][2] = curR[i3]; }
      else { for (var i4 = 0; i4 < N; i4++) c[i4][2] = r[i4]; for (var i5 = 0; i5 < N; i5++) curR[i5] = r[i5]; }
      if (validate(c)) return true;
      eps *= 3;
      for (var i6 = 0; i6 < N; i6++) curR[i6] = c[i6][2];
    }
    return validate(c);
  }
```
Hmm wait — if eps escalates, curR (repaired at EPS_S) may itself violate validate at eps... validate checks 1e-12 slack; curR at 2.5e-9 passes if geometry consistent. The escalating loop recompute lp at bigger eps; keep max. Logic: choose higher-sum validated candidate... but validate happens after assignment. Simplify: choose higher sum between (shrunk current) and (shrunk LP at eps), assign the better, validate; if fail escalate eps and recompute LP, and re-shrink curR at eps... Getting complicated. Simpler robust version:

```
  function finalRepair(c) {
    clampCenters(c);
    var eps = EPS_S;
    for (var attempt = 0; attempt < 6; attempt++) {
      var rCur = new Float64Array(N);
      for (var ri = 0; ri < N; ri++) rCur[ri] = c[ri][2];
      shrinkExact(c, rCur, eps);
      var rLP = lpRadii(c, eps);
      shrinkExact(c, rLP, eps);
      var sCur = 0, sLP = 0;
      for (var i2 = 0; i2 < N; i2++) { sCur += rCur[i2]; sLP += rLP[i2]; }
      var sel = sLP > sCur ? rLP : rCur;
      for (var i3 = 0; i3 < N; i3++) c[i3][2] = sel[i3];
      if (validate(c)) return true;
      eps *= 3;
    }
    return validate(c);
  }
```
Note: after first attempt assigns radii = sel (shrunk at eps), second attempt's rCur starts from those — monotone safe. If never validates → returns false → caller falls back. This preserves best-known radii ≥. Good. LP cost ×6 attempts worst — rare. ✓

E5 — regrow perturb branch: within perturb, repurpose last branch condition: currently last branch `else` = global jitter (10%). Add radius-squash branch into the u<0.90 hole branch? Cleaner: change boundaries: hole branch 0.76→0.84, new squash branch 0.84→0.92, jitter 0.92→1.
SEARCH:
```
    } else if (u < 0.90) {
      i = Math.floor(Math.random() * N);
      if (Math.random() < 0.5) {
```
That's the hole branch header. And its end & else:
```
      c[i][0] = bx; c[i][1] = by;
    } else {
      var mag = strength * 0.5;
```
Replace:
```
      c[i][0] = bx; c[i][1] = by;
    } else if (u < 0.92) {
      var nq = 1 + Math.floor(Math.random() * 3);
      for (var qs = 0; qs < nq; qs++) {
        var qi = Math.floor(Math.random() * N);
        c[qi][2] *= 0.55 + 0.3 * Math.random();
      }
    } else {
      var mag = strength * 0.5;
```
And change the hole branch guard `u < 0.90` → `u < 0.84`:
SEARCH: `    } else if (u < 0.90) {`
REPLACE: `    } else if (u < 0.84) {`
(occurs once ✓)

Note: radius squash shrinks → scoreOf shrink handles validity; optimizer regrows. ✓

E6 — micro strength alternation:
SEARCH:
```
      if (micro) {
        cand = clone(best);
        perturb(cand, 0.004 + 0.004 * Math.random());
      } else if (doRestart) {
```
REPLACE:
```
      if (micro) {
        cand = clone(best);
        if (it % 68 === 0) { perturb(cand, 0.03 + 0.02 * Math.random()); } else { perturb(cand, 0.004 + 0.004 * Math.random()); }
      } else if (doRestart) {
```
(it%17===0 already; it%68===0 ⇔ every 4th micro ✓ since 68=17×4.)

Also bump archive hop frequency slightly? Already 22/0.45. Keep.

E7 — reclaim wasted late-run time? Whatever.

Also check for the earlier suspicion: does the loop ever stop doing micro because bestS > 2.5 false? bestS>2.5 always true after init ✓.

One more POSSIBLE REAL BUG: randomConfig + full optimize (restarts) — those candidates reach ~2.55-2.62 within 112ms (iteration-capped, non-converged) → almost never archive (need bestS−8e-4) → wasted ~2% time. Acceptable.

Another thought — should `doDeep` slice remain 1000 while actual optimize is iteration-capped ~112ms? Fine.

Bigger-picture: even with fixes, expected landing ~2.63584-2.63593. To beat 2.63591 need the better basin. Elite hopping + regrow kicks + more micro medium kicks give more shots-on-goal. Fine for this revision.

Also small: in G-edit archive uses cand AFTER optimize+scoreOf (radii repaired) ✓; when archiving [s, clone(cand)] — s consistent with cand radii ✓.

Let me also double-check E3's anchor text exactly:
```
      if (s > bestS + 5e-13) {
        bestS = s; best = clone(cand);
        var sp2 = lpPolish(best);
        if (sp2 > bestS) { bestS = sp2; }
```
✓ verbatim from program.

E2 anchors:
```
      bestS = scoreOf(best);
      var s0 = lpPolish(best);
      if (s0 > bestS) bestS = s0;
```
✓ and else-branch:
```
      bestS = scoreOf(best);
      var s1 = lpPolish(best);
      if (s1 > bestS) bestS = s1;
```
✓.

Now write the ANALYSIS: defects named:
1. lpPolish/finalRepair unconditionally overwrite radii; Dykstra capped at 900 sweeps under-converges on jammed contact graphs, returning ~5e-6 lower than the repaired radii → the returned solution (2.635835927) was worth less than bestS (2.635840974). Inverted-keeping bug: keep-LP only when better.
2. 400s plateau: micro perturbations of 0.004 can't leave the basin; no radius-space kicks existed (all perturbations move centers or swap radii, none shrink radii to open room). Added shrink-regrow kick + medium micro kicks every 4th micro.
3. Trace shows improvements only at 70s & 538s → conversion, not throughput; archive hops gave this run's early jump (70s vs 316s) — keep.

Write edits E1..E6 + E7(finalRepair) exactly.

========================================================================
EVAL 1  round 4/15  proposing  2026-08-22T21:53:17.332Z
========================================================================


========================================================================
job 46fac9d7  dropstone-heavy  2026-08-22T21:53:19.757Z
========================================================================


========================================================================
EVAL 1  round 5/15  proposing  2026-08-22T22:05:14.141Z
========================================================================


========================================================================
job d29b4852  dropstone-heavy  2026-08-22T22:05:16.640Z
========================================================================
Let me analyze what happened this run.

Score 2.635756720, best reached at 40.5s, then 498s of nothing. The trace shows internal bestS 2.635797931 and the verifier scored 2.635756720 — ANOTHER 4.1e-5 leak! Wait, trace bestS = 2.635797931, verifier score = 2.635756720. Delta = 4.1e-5.

Hold on — but I fixed the lpPolish overwrite bug... Let me check. In E3 fix:

```
      if (s > bestS + 5e-13) {
        var lp2 = clone(cand);
        var sp2 = lpPolish(lp2);
        if (sp2 > s) { bestS = sp2; best = lp2; } else { bestS = s; best = clone(cand); }
```

This looks right now: bestS = sp2 only when we adopt lp2. bestS = s when we adopt cand. Trace pushes bestS after. So the trace value should equal the stored best's score...

Then finalRepair at the end:
```
  try {
    if (!finalRepair(best)) best = fallbackGrid();
```

finalRepair was redesigned to pick the better of cur/LP, then validate; if it validates, radii unchanged (or improved). If it does NOT validate... attempt loop escalates eps, shrinking until valid. Hmm — if validate passes at attempt 0, unchanged. Where's the 4.1e-5?

Wait, actually — is there another overwrite? `var sp2 = lpPolish(lp2)` — lpPolish mutates lp2's radii (LP radii), returns sum. If sp2 > s adopt. Fine.

But wait — the merge block:

```
          if (sm > bestS) {
            var lp3 = clone(mc); var sml = lpPolish(lp3);
            if (sml > sm) { bestS = sml; best = lp3; } else { bestS = sm; best = clone(mc); }
```

OK consistent.

Hmm, so where did 4.1e-5 go? Let me think about `scoreOf` vs verifier difference. scoreOf repairs with EPS_S = 2.5e-9 margin. Verifier tolerance 1e-9. Tightest gap 2.50e-9 reported — valid.

The verifier score = 2.635756720, trace = 2.635797931. Also possible: the trace reported a bestS from a config LATER degraded. Look at the improvement branch after my edit:

```
      if (s > bestS + 5e-13) {
        var lp2 = clone(cand);
        var sp2 = lpPolish(lp2);
        if (sp2 > s) { bestS = sp2; best = lp2; } else { bestS = s; best = clone(cand); }
        cur = clone(best); curS = bestS;
        stuck = 0; lastImp = Date.now();
        elite.push([bestS, clone(best)]);
```

Then trace.push bestS. Consistent.

Hmm, wait — but the merge branch:

```
          } else if (sm > curS) { cur = mc; curS = sm; }
```

fine.

What about `best` being mutated by someone after being set? `cur = clone(best)` — fine. `elite` stores clones.

`finalRepair(best)` at end: if `validate(best)` fails at attempt 0 with eps=EPS_S... it picks better of curR (shrunk at eps) vs LP... assigns... validate... If validate FAILS even at attempt 0 (why would it — shrinkExact at eps=2.5e-9 should leave ≥1e-12 slacks unless collapse cascades), eps *= 3 → more shrink → lower sum. But the final reported radii validate fine presumably (verifier gave a score). The drop from 2.63579 to 2.63575 might be exactly the escalation: attempt 0 → validate false (maybe due to my validate's strict 1e-12 slack after some pair shrink cascade?)...

Actually wait — shrinkExact with eps: for each pair, ensures d ≥ r_i+r_j+eps. After a full sweep with bad=false, all pairs satisfy with margin eps → validate (slack ≥ eps = 2.5e-9 > 1e-12) must pass... unless the shrink cascades can't fix (radii floored at 1e-9 with ongoing need) — unlikely here.

Hmm! Actually here's a real one: THE LAST TRACE PUSH. The final trace push happens AFTER finalRepair:

```
  try {
    if (!finalRepair(best)) best = fallbackGrid();
  } catch (e2) { best = fallbackGrid(); }
  trace.push([+((Date.now() - t0) / 1000).toFixed(2), +bestS.toFixed(9)]);
```

It pushes `bestS` — the STALE bestS, not the score of the actual returned best! If finalRepair changed radii (degraded slightly), trace still claims old bestS. So the 4.1e-5 "leak" is at least partially *misreporting*: the trace at 538.5 says 2.635797931 — that's the last pushed value of bestS. But is the returned best actually 2.635756720? The verifier says yes.

So the real leak: something between the last best-update (at 40.5s, bestS=2.635797931) and return degraded `best` by 4.1e-5, while bestS stayed 2.635797931.

Who mutates best?? `micro` branch: `cand = clone(best)` — clone ✓. `merge ok` — no. `finalRepair(best)` — mutates radii to *higher-of-two-valid* — can't degrade below validity... but wait: finalRepair recomputes `rCur` from CURRENT radii at escalating eps. Attempt 0: eps=2.5e-9, rCur = shrinks(cur radii, 2.5e-9); LP radii; sel = higher sum. Assign. validate → ? if false, eps *= 3 = 7.5e-9: rCur = shrink(c[.]radii, 7.5e-9) — slightly smaller...

Could validate fail at attempt 0? validate requires slack ≥ 1e-12 on bounds AND pairs. shrinkExact applied `cap = min distances to walls − eps` → x−r ≥ eps ✓. Pairs: sweep until no bad. BUT — shrinkExact processes pairs ONCE per sweep in order i<j; shrinking r_j can create a violation with an earlier-processed circle... no wait, shrinking radii only REDUCES r_i+r_j, can't create pair violations. But shrinking may need to continue: need>0 → shrink. After processing, all pairs ok? Each pair fixed when processed; later shrinks only help. So one sweep with no "bad" found... if bad found, iterate again. Converges. So after shrinkExact, pairs satisfy d ≥ r_i+r_j+eps → slack eps=2.5e-9.

Hmm, unless `need > 0` but take/rem can't satisfy (radii at 1e-9 floor). Not here.

So validate should pass at attempt 0 and radii UNCHANGED (sel = higher of cur/LP, and cur-radii shrunk only by ≤ eps adjustments which were already at eps... rCur starts from c[i][2] which came from scoreOf's shrink at EPS_S → unchanged ≈). LP may be slightly higher → adopted. Either way ~bestS.

So finalRepair shouldn't cause 4.1e-5. Then who?

Hmm wait — let me recheck the improvement branch… `best = lp2` where lp2 = clone(cand) with lpPolish applied. sp2 = sum of lp2's radii. bestS = sp2. Trace consistent: returned best should score ≥ sp2 − repair adjustments.

Unless... `scoreOf` counts repaired sum, but the VERIFIER tolerance: verifier scored 2.635756720 which is LOWER. The verifier reported tightest gap 2.50e-9 — exactly EPS_S, consistent with return-repaired.

Alternatively — maybe the leak is real and happened inside the main loop: is there anywhere that writes into `best` = aliasing? Look at improvement: `best = clone(cand)` — clone ✓. `elite.push([bestS, clone(best)])` ✓. Merge: `best = lp3` (lp3 = clone(mc) mutated by lpPolish — fresh) ✓ else `best = clone(mc)` ✓.

`cur = clone(best)` ✓. So best is never aliased.

Hmm, so the only mutator of best's radii after capture is finalRepair (claimed benign) — OR the last trace push misreports because bestS was set but a LATER `finalRepair` modified radii downward by 4.1e-5 via eps escalation... Only if validate failed 1+ times. Hmm — validate demands slack ≥ 1e-12. shrinkExact ensures ≥ eps ≥ 2.5e-9. So validate passes attempt 0 trivially. UNLESS — floating point: shrinkExact computes d once per pair per sweep; the "larger absorbs" order... Fine.

WAIT. Actually — I bet I know what happened. Look at the improvement-branch edit E3 once more:

```
      if (s > bestS + 5e-13) {
        var lp2 = clone(cand);
        var sp2 = lpPolish(lp2);
        if (sp2 > s) { bestS = sp2; best = lp2; } else { bestS = s; best = clone(cand); }
```

`lpPolish` calls `lpRadii(c, EPS_S)` which runs up to 3000 sweeps of Dykstra and then shrinkExact. Fine.

And `scoreOf(cand)` happens BEFORE. s consistent with cand.

OK here's another candidate: **bestPool/pool archive `cand` arrays are storage-only**... no mutation.

Hmm, let me look at the "micro" branch: `cand = clone(best); ... perturb... optimize... scoreOf`. Not best.

What about `optimize(cand, ...)` mutating cand in place — fine, cand is a clone.

Alright, alternative theory: this is a *numeric noise* thing: scoreOf sum vs verifier exact. Verifier score 2.635756720 vs bestS 2.635797931 → 4.12e-5 diff = avg 1.6e-6 per circle. That's WAY beyond EPS_S=2.5e-9. So real.

Hmm... OH WAIT. I see it. The `micro` branch and merges aside, look at the improvement branch AGAIN — in THIS version of the program (the one that ran), is E3 really applied? The program above shows:

```
      if (s > bestS + 5e-13) {
        var lp2 = clone(cand);
        var sp2 = lpPolish(lp2);
        if (sp2 > s) { bestS = sp2; best = lp2; } else { bestS = s; best = clone(cand); }
        cur = clone(best); curS = bestS;
```

Yes applied.

Let me look for `best = ` elsewhere:
- init: `best = lp0`, `best = lp1`, fallback...
- `if (!validate(best)) { best = fallbackGrid(); ... }`
- improvement branch: yes above.
- merge: `if (sml > sm) { bestS = sml; best = lp3; } else { bestS = sm; best = clone(mc); }`
- final: `if (!finalRepair(best)) best = fallbackGrid();`

All clone-safe.

Hmm, so where?... Let me reconsider: is it possible `lpPolish` INCREASED the reported bestS while producing radii that my `scoreOf` semantic considers valid at EPS_S but the VERIFIER measures lower?... No — verifier measures the actual radii.

Actually, hmm, wait: maybe the leak is exactly the trace-vs-reality mismatch: maybe bestS in the trace never corresponded to a real config — the 2.635797931 reached at 40.5s: bestS = sp2 from lpPolish, best = lp2 with sum EXACTLY sp2 (lpPolish writes r and sums). So real...

OK actually, let me stop hunting the 4e-5 leak as the PRIMARY issue — the elephant: **498 seconds with zero improvement**. That's the headline: "best reached at 40.5s". THREE runs in a row now show the same disease: the local basin is found fast, then 90%+ of the run converts nothing. Also the score regressed vs revision 2 (2.63584): this run's extra machinery (bandit arms, pool merging) consumed time without conversion.

Let me reconsider the whole loop structure for a REAL inversion/ineffectiveness bug:

```
      var T = 9e-5 * Math.pow(0.006, cyc) * Math.pow(0.35, frac);
      if (it % 98 === 0) { cur = clone(best); curS = bestS; stuck = 0; T = Math.max(T, 6e-5); }
```

T max'd at 6e-5 briefly — fine.

Acceptance:
```
      } else if (s >= curS || Math.random() < Math.exp((s - curS) / T)) {
```

`stuck` grows, `stuck % 18 === 0` reverts to best. Plus `it % 98 === 0` reverts. So cur is almost always near best. Perturb strength: `0.02 + 0.06*frac up to ×(1+min(stuck,60)*0.05)` capped at 0.22 — since stuck resets every 18 or 98 iters, strength ≈ 0.02–0.08 mostly. Perturbation from best: moderate. optimize quick: NOW with the lr-growth fix (this run included the fix — stages longer). Hmm, and scoreOf-after-optimize comparisons...

Everything looks "fine" yet nothing converts for 500s. What's the level of `s` for typical candidates? We can't see it, but the pattern (improvement at 40.5s then none) suggests candidates land close-but-below bestS and the loop just re-tries the same.

Given three consecutive runs plateauing identically around 2.6342 / 2.63576 / 2.63576, and given the feedback "restart more aggressively or widen perturbations once it stalls", the move with the best expected value now:

1. Fix any real return-leak (double-check finalRepair + last trace). Actually, let me look VERY carefully at finalRepair for the degrade leak:

```
  function finalRepair(c) {
    clampCenters(c);
    var eps = EPS_S;
    for (var attempt = 0; attempt < 6; attempt++) {
      var rCur = new Float64Array(N);
      for (var ri = 0; ri < N; ri++) rCur[ri] = c[ri][2];
      shrinkExact(c, rCur, eps);
      var rLP = lpRadii(c, eps);
      shrinkExact(c, rLP, eps);
      var sCur = 0, sLP = 0;
      for (var i2 = 0; i2 < N; i2++) { sCur += rCur[i2]; sLP += rLP[i2]; }
      var sel = sLP > sCur ? rLP : rCur;
      for (var i3 = 0; i3 < N; i3++) c[i3][2] = sel[i3];
      if (validate(c)) return true;
      eps *= 3;
    }
    return validate(c);
  }
```

`rCur` = shrink of current → sum ≤ current, tiny loss... but WAIT: is shrinkExact strictly limited to eps losses? Current radii were shrink-repaired at EPS_S by scoreOf already, so rCur ≈ current (unchanged, maybe −1e-12 noise). sCur ≈ bestS. sLP could be lower → sel = rCur → unchanged. validate passes → return true. No 4e-5 loss.

`lpRadii` runs 3000 sweeps now — ~10-30ms — finalRepair cost trivial.

Hmm OK, so the leak isn't in the return path — meaning bestS itself (2.635797931) must never have matched the actual returned config... UNLESS the verifier's number is what it is and my trace is just bestS. Actually wait — maybe the leak IS real and it's THIS: `scoreOf` uses shrinkExact(c, r, EPS_S) which floors radii at 1e-9 and caps by walls — fine. But look at the elite/best update once more...

`cur = clone(best); curS = bestS;` after improvement ✓.

You know, let me compare revision-2 run: trace claimed 2.635840974, verifier 2.635835927 — leak 5e-6. Now: trace 2.635797931, verifier 2.635756720 — leak 4.1e-5. Bigger. What did I add? The merge block: `var lp3 = clone(mc); var sml = lpPolish(lp3); if (sml > sm) { bestS = sml; best = lp3; }` — consistent... `lpPolish(lp3)` mutates lp3 AND returns its sum — consistent.

AND the bandit chain in improvement... `if (lastMove >= 0 && piecesN === 0) {...}` etc. — no best writes.

Hmm hold on, actually maybe the leak is not a leak: maybe the verifier score equals bestS − (something structural) because the RETURNED radii are valid but SMALLER... e.g., if `best` was swapped to fallbackGrid() at the very end?? fallbackGrid = 26 × r=(0.5/6)(1−1e-6)=0.0833 → some circles near edges... sum ≈ 26×0.0833 = 2.167 — nope, score was 2.6357.

What if `best`'s radii got scaled by the tag-5 pool move?... `moveScore(cRef, tag)` mutates cRef and returns scoreOf. Called as `moveScore(cand, ta)` — cand is a clone... wait, IS it? `cand = clone(cur)` etc. — yes. But `bestPool.push([s, clone(cand)])` — clones. `pool.push([scp, clone(cand)])` — clones ✓.

Hmm... Let me look at `x1 = bestPool[...]; x2 = pool[...]` then `mc` built from fresh arrays ✓.

OK — I cannot find the leak by pure reasoning; but here's a robust catch-all: **recompute the returned score after finalRepair and set the final trace + return config consistently**; more importantly, add a guard: `bestS` should be resynced to scoreOf(best) after finalRepair. And ALSO — better — inside the main loop, periodically verify `scoreOf(clone(best))` matches bestS (defensive). The simplest concrete guard: after the loop, before return, do `var finalS = scoreOf(best)` → if finalS < bestS − 1e-9, log correct.

Honestly, since I can't locate it by inspection, add belt-and-suspenders:
1. In the improvement branch, after `best` is set, IMMEDIATELY recompute `bestS = scoreOf(best)` (kills any inconsistency between sp2 arithmetic and the stored array — the stored array IS what's returned).
2. Same in merge branch.
3. Final: after finalRepair, `bestS = scoreOf(best)`; final trace pushes the resynced number.

Wait wait wait. Actually — I think I finally see it. `lpPolish` returns `s` = sum AFTER shrinkExact. Fine. BUT in the improvement branch where `sp2 > s`: bestS = sp2 and best = lp2 ✓ consistent...

Hmm, unless sp2 > s is comparing... s = scoreOf(cand) — yes.

OK here's one more theory — **the 2.635797931 was never the last improvement to best**: the trace's periodic pushes show bestS; the LAST trace push pushes stale bestS AFTER finalRepair. If finalRepair DID degrade (e.g., validate failed attempts 0..2 due to the strict 1e-12 slacks after LP adoption path, eps grew to 2.5e-9×27 = 6.75e-8 per pair... that totals ≈ 26×avg... 6.75e-8×26 ≈ 1.75e-6 — still not 4e-5. If it escalated 6 times: 2.5e-9×3^5=6e-7 ×26 ≈ 1.6e-5. Hmm, and fallback... no.

For validate to fail at attempt 0, some slack < 1e-12. shrinkExact guarantees ≥ eps=2.5e-9 margins... for PAIRS. For WALLS: cap = min(x,1−x,y,1−y)−eps → x−r ≥ eps ✓. Radius positivity: r ≥ 1e-9 > 0 ✓... but validate ALSO requires slacks on x−r ≥ 1e-12 etc. ✓ 2.5e-9. So validate CANNOT fail after shrinkExact... unless shrinkExact hit its 400-iteration cap with `bad` still true (cascade at 1e-9 floors). Not at these radii.

So the returned best should score ≈ max(bestS-ish). I'm stuck explaining 4.1e-5 exactly — so engineering response: resync bestS from the actual final array and, crucially, **log it** so the next trace tells the truth. Also — one more candidate!! FOUND IT, maybe: `lpPolish` — look:

```
  function lpPolish(c) {
    clampCenters(c);
    var r = lpRadii(c, EPS_S);
    shrinkExact(c, r, EPS_S);
    var s = 0;
    for (var i = 0; i < N; i++) { c[i][2] = r[i]; s += r[i]; }
    return s;
  }
```

fine. `lpRadii` — Dykstra — could return radii with SOME entries slightly negative?? `cn` projection keeps ≥ 0 ✓. capb could be negative if circle center valid… min(x,1−x,…)−eps ≥ 5e-9−2.5e-9 > 0 ✓.

Hmm what about lpRadii corruption via `capp` when two centers coincide post-clamp: d=0 → capp=−eps → projections push radii negative → clamped 0 — sum lower, not higher. Not it.

OK moving on — mystery leak gets the resync fix; PRIMARY fix must address 498s plateau. Given the last 3 runs ALL plateau early at slightly different values (2.6342, 2.63576, 2.63576) and the machine found its best in <90s every time, the dominant failure is: **once a strong basin is found, the loop cannot leave it; and random restarts are too rare/slow to sample other strong basins**. The feedback literally says: "Restart more aggressively, or widen the perturbations once it stalls."

Given "best reached at 40.5s", what if I restructure the time allocation: the evidence says a strong basin is found quickly from a fresh or perturbed start; so run MANY more independent-ish attempts: make random restarts much more frequent (every ~12 iters instead of 45) with FULL optimize (they cost ~110ms by iteration caps... but full optimize from random only reached ~2.59-2.63 in bootstrap at 4s... hmm, bootstrap had a 4s deadline and 4850-iteration caps. Restarts use slice 2600ms but iteration caps ~4850×~25µs≈120ms?? Earlier measured avg iteration ~90ms INCLUDING deep/restart — so full optimize ≈ iteration-bound, fast).

Wait, actually — THE key realization from these three traces: improvements ALWAYS come early (3s, 40s, 70s, 316s, 538s — actually rev1/rev2 improved late too). The landscape: quick convergence to ~2.634-2.636 basins; then the +1.5e-3 jumps are rare lucky events. We got 2.63576 twice, 2.63584 once. Best known to beat: 2.635907462 (someone's stored incumbent!).

**THE INCUMBENT**: The problem statement keeps saying "best score reached so far: 2.635907462" and "If you are given a starting packing, HARD-CODE IT". Every run starts from scratch (init ~2.59-2.62 → no incumbent passed to my function — OR extract fails to find it!). Hmm — wait. What if params DOES contain it but extract rejects it? Reasons extract could fail: entries not length-3 arrays (e.g., objects {x,y,r}?); numbers as strings (fixed by Number() coercion this run — didn't help? init was 2.6136 this run vs 2.6177/2.6206 before — all random-init level).

Alternatively params genuinely is null/empty and the harness intends me to hard-code a good configuration **literally in the source** — "HARD-CODE IT as the initial configuration". The record 2.635907462 was reached by earlier attempts in this very log! But I don't have its coordinates... The harness only gives me scores, not configs.

BUT — I DO have information from the verifier feedback: radii stats of my own runs! "radii: min 0.070172, max 0.136960" etc. Not coordinates though.

So: no incumbent available; must find ≥2.63591 from scratch in 540s. The 2.635907462 result exists in the log from attempts WITH an incumbent? "Best score reached so far: 2.635907462" by "multi-start + physical-relaxation + perturbation + repair-pass" — presumably also from scratch or with a given start at that time.

Given all this, the most productive change for this revision: **dramatically increase the number of strong independent basins sampled** — the jumps we need (+1.5e-4) come from new basins, and every run finds its best basin within ~70s. So:

1. Much more frequent full-depth random restarts: every 10 iterations (not 45), with full optimize. Cost ~50-130ms each → in 540s supports ~2500-4000 restarts. Previous runs each had only ~2.6% restart share... and the archive-dedup/elite mechanisms stay.
2. Keep SA walk but make it cheap/quick only.

But wait — do full restarts actually reach 2.635+? This run's traj: 0.9s 2.6311, 40.5s 2.6358 — those early improvements were probably from initial SA-ish walk, not pure restarts. Rev2: 70s to 2.63575. Rev1: 110s to 2.63424, 316s to 2.63576. So good basins appear with prob ~ a few per hour of mixed search. Pure restarts: bootstrap (4s optimize) reached 2.6177-2.6342 — hmm rev3's 2.63417 at 3.0s WAS from bootstrap+archival... 

Actually the BEST data point: rev3 (this run) found 2.635797931 at 40.5s via the mixed machinery. Then 498s nothing. If instead we slice time into ~10 restarts-of-54s with the walk machinery? Risky.

Deeper diagnosis of non-conversion: candidates from perturb(cur) with quick optimize land in the SAME basin as cur (score ≈ curS ± small) → accepted sideways → drift; occasionally a better basin within reach → improvement. Rate ≈ once per 200-500s near 2.6358. To improve rate: (a) more diversity in `cur` (elite hopping exists), (b) STRONGER optimized candidates (deep optimize for ALL candidates? at ~110ms each → 4900 candidates... current avg iteration cost? 538s / iters... we don't know iter count. The bandit chains (up to 4 extra scoreOf probes = cheap, no optimize) added cost.

Honestly the cleanest high-EV edit set for this revision:

A. **Resync bestS from the stored array everywhere** (kill the leak + honest trace):
   - improvement branch: after choosing/setting best, `bestS = scoreOf(best);`
   - merge branch: same.
   - final: after finalRepair, `bestS = scoreOf(best);` then push trace.

B. **Restart-heavy schedule**: given the pattern, dedicate ~45% of iterations to full-depth random restarts (doRestart every 8-10 iters instead of 45, full optimize). With ~50-120ms each → thousands of basins. Best-of-thousands-of-basins >> current elite of 1.

C. Trim the bandit machinery cost: it added per-iteration overhead (up to 4 scoreOf = cheap (~1ms?) scoreOf is just 325 pair ops — trivial). Keep.

D. Micro-optimize best more often (micro every 17 → keep) but ALSO apply lpPolish adoption... exists.

Hmm, but hold on — will shift-to-restarts actually beat 2.6359? Max-of-many-restarts for sum-radii N=26: published multi-start distributions: hitting ≥2.6359 needs... unknown. Our three runs each found ≤2.63584 with most time in walk mode. The walk DID produce 2.63584 once. Honestly, mixing: I think a **50/50 split** between walk-iterations and full restarts, plus keeping elite-hopping, is the robust play. Also add: after the main loop ends... nothing.

E. ALSO, importantly — the "cur = clone(best)" resets every 18 stuck / 98 iters mean cur barely explores; combined with strength growing slowly. Loosen: revert every 40 stuck instead of 18, so walks wander farther, giving structural moves time to compose.

Let me also double-check one more possible REAL bug in the new bandit code:

```
          var scp = moveScore(cand, ta);
```

moveScore MUTATES cand and returns scoreOf — so after up-to-4 probes, cand has been mutated several times and `s` may have been replaced by the LAST improving probe's score — fine, cand consistent with final s ✓ (s updates only when scp > s, and cand at that moment holds that config; subsequent non-improving probes mutate cand but s stays — MISMATCH: cand (mutated) vs s (older probe's score)! Then `if (s > bestS + 5e-13) { best = clone(cand) }` would store cand ≠ the config that scored s!)

**FOUND IT — THE REAL BUG.** In the bandit chain: when probe A improves (s = scp_A, cand = config_A), then probe B (non-improving) MUTATES cand away from config_A. At the end, `s` corresponds to config_A but `cand` corresponds to config_A + mutation_B (+possibly more). Then:
- `if (s > bestS)` → `best = clone(cand)` — stores the WRONG config (mutated after the score was taken) while bestS keeps s!
- `bestPool.push([s, clone(cand)])` — same mismatch.

THIS is the leak: bestS says 2.635797931 (config_A's score) but best stores config_A mutated by later probes — which repaired to 2.635756720. Magnitude 4.1e-5 — matches a perturb-level score shift. Also pool/elite polluted similarly.

Fix: clone-snapshot when a probe improves, restore at chain end:

```
        var chainBestS = s; var chainBestC = null;
        ...if (scp > s) { s = scp; chainBestC = clone(cand); piecesN = 0; }
        ...after loop: if (chainBestC) for (i...) cand = chainBestC? 
```
Simplest: after the while loop, if last improvement happened, set cand = the snapshot:
```
        if (chainBestC !== null) { cand = chainBestC; }
```
where chainBestC updated on each improving probe. But also non-improving probes mutated cand — snapshot only on improvement ✓, then final cand = last improving snapshot (or if no probe improved, cand is mutated but s unchanged from the ORIGINAL scoreOf before probes — which no longer matches mutated cand either!). So: snapshot BEFORE the chain: `var preS = s; var preC = clone(cand);` and after: if chainBestC → cand = chainBestC (s = its score ✓); else → cand = preC (s unchanged ✓). 

Actually simpler: instead of mutating `cand` in probes, run probes on a local working copy: `var work = clone(cand); scp = moveScore(work, ta); if (scp > s) { s = scp; cand = work; ... }` — cand only ever replaced by the improving config. Non-improvers discarded. Clean, one-line-ish fix.

Also `pool.push([scp, clone(cand)])` — should push `clone(work)`. My current code pushes cand (mismatch again).

Same mismatch issue ANYWHERE else? `moveScore` also used in `adaptiveKick(c)` → `perturb` tag band (u in [0.76,0.84)): `return adaptiveKick(c);` — adaptiveKick mutates c and returns a score — but perturb's return value is IGNORED at call sites (`perturb(cand, strength)`) → harmless (c ends mutated, which is the intent of perturb).

Great — that's defect #1 (the leak, worth 4.1e-5: would have scored 2.635798), defect #2 = plateau schedule (restart-heavy + slower stuck-revert), defect #3 = resync bestS from stored array at end (honest trace; cheap).

Also fix `adaptiveKick` returning value unused — fine.

Let me write the edits:

**Edit 1 — fix the bandit chain mismatch.**

Current text:
```
        var piecesN = 0;
        while (piecesN < 4) {
          var tot = piece[0] + piece[1] + piece[2] + piece[3];
          var pickU = Math.random() * tot, ta = 0, acc = 0;
          for (; ta < 4; ta++) { acc += piece[ta]; if (pickU <= acc) break; }
          if (ta > 3) ta = 3;
          var scp = moveScore(cand, ta);
          var dw = Math.max(0, scp - s);
          piece[ta] = 0.98 * piece[ta] + 0.04 + dw * 300;
          pool.push([scp, clone(cand)]);
          if (pool.length > 400) pool.shift();
          if (scp > s) { s = scp; piecesN = 0; } else { piecesN++; }
          if (lastMove >= 0 && piecesN === 0) { var arm2 = lastMove === 0 ? 0 : 1; armP[arm2] += 0.8; }
          if (Date.now() > HARD_END - 1600) break;
        }
```

Replace with work-copy version:

```
        var piecesN = 0;
        while (piecesN < 4) {
          var tot = piece[0] + piece[1] + piece[2] + piece[3];
          var pickU = Math.random() * tot, ta = 0, acc = 0;
          for (; ta < 4; ta++) { acc += piece[ta]; if (pickU <= acc) break; }
          if (ta > 3) ta = 3;
          var work = clone(cand);
          var scp = moveScore(work, ta);
          var dw = Math.max(0, scp - s);
          piece[ta] = 0.98 * piece[ta] + 0.04 + dw * 300;
          pool.push([scp, clone(work)]);
          if (pool.length > 400) pool.shift();
          if (scp > s) { s = scp; cand = work; piecesN = 0; } else { piecesN++; }
          if (lastMove >= 0 && piecesN === 0) { var arm2 = lastMove === 0 ? 0 : 1; armP[arm2] += 0.8; }
          if (Date.now() > HARD_END - 1600) break;
        }
```

**Edit 2 — resync bestS after storing best (improvement branch).**

After:
```
        cur = clone(best); curS = bestS;
```
in the improvement branch... add before it: `bestS = scoreOf(best);` Wait, order: bestS was set to sp2 or s, best set accordingly — resync: `bestS = scoreOf(best);` — costs 1 trivial scoreOf. Insert:

SEARCH:
```
        if (sp2 > s) { bestS = sp2; best = lp2; } else { bestS = s; best = clone(cand); }
        cur = clone(best); curS = bestS;
```
REPLACE:
```
        if (sp2 > s) { bestS = sp2; best = lp2; } else { bestS = s; best = clone(cand); }
        bestS = scoreOf(best);
        cur = clone(best); curS = bestS;
```

**Edit 3 — merge branch resync:**

SEARCH:
```
            if (sml > sm) { bestS = sml; best = lp3; } else { bestS = sm; best = clone(mc); }
            cur = clone(best); curS = bestS; stuck = 0; lastImp = Date.now();
```
REPLACE:
```
            if (sml > sm) { bestS = sml; best = lp3; } else { bestS = sm; best = clone(mc); }
            bestS = scoreOf(best);
            cur = clone(best); curS = bestS; stuck = 0; lastImp = Date.now();
```

**Edit 4 — final resync + honest trace:**

SEARCH:
```
  try {
    if (!finalRepair(best)) best = fallbackGrid();
  } catch (e2) { best = fallbackGrid(); }
  trace.push([+((Date.now() - t0) / 1000).toFixed(2), +bestS.toFixed(9)]);
  return { solution: best, trace: trace };
```
REPLACE:
```
  try {
    if (!finalRepair(best)) best = fallbackGrid();
  } catch (e2) { best = fallbackGrid(); }
  bestS = scoreOf(best);
  trace.push([+((Date.now() - t0) / 1000).toFixed(2), +bestS.toFixed(9)]);
  return { solution: best, trace: trace };
```

**Edit 5 — restart-heavy schedule.** 

Current:
```
      var doRestart = (it % 45 === 0 && Math.random() < 0.5);
```
Replace with every 9 iterations:
```
      var doRestart = (it % 9 === 0 && Math.random() < 0.65);
```
That's ~7%/iter... With quick iterations ~50-90ms and full restarts ~110-150ms, 7% restarts affordable → ~500-700 restarts/run if ~10k iterations... Iterations count unknown but likely ~3-6k given added machinery. 7% × 5k = 350 restarts. Probably make it stronger: every 7 iters with p=0.6 → ~8.5%. Hmm, also restart-slice = 2600ms guard.

Additionally give restarts a better starting radius: randomConfig r=0.02 uniform... fine.

Also slow the cur-revert: `stuck % 18 === 0` → 30. And `it % 98 === 0` pulse → keep.

Let me also reconsider `T` — fine.

**Edit 6 — strengthen walk wander:** revert cadence 18→30:
SEARCH: `        if (stuck % 18 === 0) { cur = clone(best); curS = bestS; }`
REPLACE: `        if (stuck % 30 === 0) { cur = clone(best); curS = bestS; }`

Now — with restarts at ~7-8% and best-of-elites archiving — good.

One more potential improvement targeting the big gap: best basin found 2.6358; need 2.63591+. Restarts of ~150ms each: distribution of restart opt maxima... rev3 bootstrap (4s full) hit 2.6342; shorter restarts (iteration-capped 4850, ~150ms) typically reach only ~2.60-2.63?? From this run's trace: 0.0s 2.6136 (bootstrap 4s?? trace[0]=2.6136 then 0.9s 2.6311 — wait bootstrap had 4s; trace[0] at t=0 shows 2.6136=post-bootstrap... hmm actually improvements at 0.9s (2.6311) and 40.5s (2.6358) came from the MAIN LOOP. So main-loop machinery reached 2.6358 from 2.6136 in 40s. The walk+micro works.

So keep walk as primary; restarts as secondary diversity. Restarts 7% fine.

Are there other multi-probe mismatch writes? `bestPool.push([s, clone(cand)])` AFTER the chain — with fix, cand matches s ✓.

`elite.push([bestS, clone(best)])` ✓.

Also, `adaptiveKick` gets called inside perturb with return value ignored ✓ BUT it sets `lastMove` — and then main loop treats this candidate as a bandit candidate and runs the probe chain — intended ✓.

One more scan of `moveScore` tag 6:
```
      for (qs = 0; qs < nb2.length; qs++) cRef[nb2[qs]][2] *= 0.75;
```
`var qs;` declared ✓. `ng` logic ✓.

`pool`/`bestPool` declarations: `var pool = [], bestPool = [];` — I added `var piece...; var armW...; var lastMove = -1; var pool = [], bestPool = [];` all before perturb ✓ (they're inside solve, before main loop — hoisted var anyway; assigned at declaration line execution — the ORDER: these declarations are inside the block I inserted right before `function perturb`. Function declarations hoist, but the `var pool = []` assignments run when execution reaches them — before the main loop ✓. But WAIT: `randomConfig`, `optimize` etc are called in the INIT block which is AFTER these declarations in program order? Init block is after all function definitions ✓ (init comes after fallbackGrid definition). ✓

Also `scoreOf` used by moveScore — hoisted ✓.

Now, also consider: the probe chain runs only when lastMove >= 0 (i.e., u in [0.76,0.84) — 8% of perturb calls). Fine.

Let me also double check edit anchors exist verbatim:

1. The bandit-chain text — from program above ✓ exact.

2. Improvement branch:
```
        if (sp2 > s) { bestS = sp2; best = lp2; } else { bestS = s; best = clone(cand); }
        cur = clone(best); curS = bestS;
```
✓ verbatim.

3. Merge branch:
```
            if (sml > sm) { bestS = sml; best = lp3; } else { bestS = sm; best = clone(mc); }
            cur = clone(best); curS = bestS; stuck = 0; lastImp = Date.now();
```
✓.

4. Final block ✓.

5. `var doRestart = (it % 45 === 0 && Math.random() < 0.5);` ✓.

6. `if (stuck % 18 === 0) { cur = clone(best); curS = bestS; }` ✓.

Also — one more real defect candidate: `if (it % 98 === 0) { ... T = Math.max(T, 6e-5); }` — fine.

And in `finalRepair` nothing more.

Additionally — maybe increase full-restart budget: slice 2600 → keep.

Write the ANALYSIS focusing on: (1) THE found inverted/aliasing defect — bandit chain mutates cand after s was taken; best ended up storing a config that no longer matched bestS (explains trace 2.635797931 vs verifier 2.635756720, Δ=4.1e-5). Same defect polluted bestPool/pool archives. Fix via work-copy so cand only ever holds the config whose score is s. (2) resync bestS from stored array at every store + at return (defensive, honest trace). (3) plateau: restart cadence 45→9 with p .65; stuck revert 18→30 for longer wanders.

Also mention rev-by-rev evidence. Keep concise.


========================================================================
EVAL 2  round 1/15  proposing  2026-08-22T22:19:47.586Z
========================================================================


========================================================================
job b7a985aa  dropstone-heavy  2026-08-22T22:19:49.337Z
========================================================================
Let me think carefully about this problem. This is the last attempt, and I need to beat 2.635907462 to get closer to the known best of 2.635983283.

The key facts:
1. Best score so far: 2.635907462 (multi-start + physical-relaxation + perturbation + repair-pass)
2. Target: 2.635983283 (ShinkaEvolve), gap is ~7.58e-5
3. The log says the incumbent is an "LP-verified exact local optimum of its basin" — local polish is maxed out. The value lives in a different contact graph.

The instruction at the end says: "This is the LAST attempt. Do not experiment — take the best known configuration and squeeze it."

But wait — the log says local polish of the incumbent is already maxed out. So just squeezing the incumbent won't help unless... I have access to a KNOWN BETTER configuration. The Packomania value is 2.635983085 with a "strict" bar. Do I know the Packomania coordinates for n=26?

Let me think about what I know about the optimal packing of 26 circles in a unit square maximizing sum of radii. This is the "packing circles in a square, maximize sum of radii" problem. Packomania (Erich Friedman) maintains records.

Hmm, do I remember actual coordinates? Not precisely. I don't have memorized coordinates for the n=26 optimal solution. But maybe I can reconstruct something close.

Actually, let me think about this differently. The best-known structure: for maximizing sum of radii with 26 circles, the known good solutions typically have a certain structure. Let me try to recall what's known.

Actually, the key insight from the log: attempts consistently reach ~2.63590 but stall. The gap of 7.6e-5 requires finding a slightly different contact graph. With 540 seconds of compute and a good optimizer, maybe I should:

1. Start from the incumbent best configuration (if I had it hard-coded... but I don't have the actual coordinates from previous attempts since each attempt is a fresh program